<doc>
    <assembly>
        <name>Mono.Data.Sqlite</name>
    </assembly>
    <members>
        <member name="T:Mono.Data.Sqlite.CollationEncodingEnum">
            <summary>To be added.</summary>
            <remarks>To be added.</remarks>
        </member>
        <member name="F:Mono.Data.Sqlite.CollationEncodingEnum.UTF16BE">
            <summary>To be added.</summary>
        </member>
        <member name="F:Mono.Data.Sqlite.CollationEncodingEnum.UTF16LE">
            <summary>To be added.</summary>
        </member>
        <member name="F:Mono.Data.Sqlite.CollationEncodingEnum.UTF8">
            <summary>To be added.</summary>
        </member>
        <member name="T:Mono.Data.Sqlite.CollationSequence">
            <summary>To be added.</summary>
            <remarks>To be added.</remarks>
        </member>
        <member name="M:Mono.Data.Sqlite.CollationSequence.Compare(System.Char[],System.Char[])">
            <param name="c1">To be added.</param>
            <param name="c2">To be added.</param>
            <summary>To be added.</summary>
            <returns>To be added.</returns>
            <remarks>To be added.</remarks>
        </member>
        <member name="M:Mono.Data.Sqlite.CollationSequence.Compare(System.String,System.String)">
            <param name="s1">To be added.</param>
            <param name="s2">To be added.</param>
            <summary>To be added.</summary>
            <returns>To be added.</returns>
            <remarks>To be added.</remarks>
        </member>
        <member name="F:Mono.Data.Sqlite.CollationSequence.Encoding">
            <summary>To be added.</summary>
            <remarks>To be added.</remarks>
        </member>
        <member name="F:Mono.Data.Sqlite.CollationSequence.Name">
            <summary>To be added.</summary>
            <remarks>To be added.</remarks>
        </member>
        <member name="F:Mono.Data.Sqlite.CollationSequence.Type">
            <summary>To be added.</summary>
            <remarks>To be added.</remarks>
        </member>
        <member name="T:Mono.Data.Sqlite.CollationTypeEnum">
            <summary>To be added.</summary>
            <remarks>To be added.</remarks>
        </member>
        <member name="F:Mono.Data.Sqlite.CollationTypeEnum.Binary">
            <summary>To be added.</summary>
        </member>
        <member name="F:Mono.Data.Sqlite.CollationTypeEnum.Custom">
            <summary>To be added.</summary>
        </member>
        <member name="F:Mono.Data.Sqlite.CollationTypeEnum.NoCase">
            <summary>To be added.</summary>
        </member>
        <member name="F:Mono.Data.Sqlite.CollationTypeEnum.Reverse">
            <summary>To be added.</summary>
        </member>
        <member name="T:Mono.Data.Sqlite.CommitEventArgs">
            <summary>To be added.</summary>
            <remarks>To be added.</remarks>
        </member>
        <member name="F:Mono.Data.Sqlite.CommitEventArgs.AbortTransaction">
            <summary>To be added.</summary>
            <remarks>To be added.</remarks>
        </member>
        <member name="T:Mono.Data.Sqlite.FunctionType">
            <summary>To be added.</summary>
            <remarks>To be added.</remarks>
        </member>
        <member name="F:Mono.Data.Sqlite.FunctionType.Aggregate">
            <summary>To be added.</summary>
        </member>
        <member name="F:Mono.Data.Sqlite.FunctionType.Collation">
            <summary>To be added.</summary>
        </member>
        <member name="F:Mono.Data.Sqlite.FunctionType.Scalar">
            <summary>To be added.</summary>
        </member>
        <member name="T:Mono.Data.Sqlite.SqliteCommand">
            <summary>To be added.</summary>
            <remarks>To be added.</remarks>
        </member>
        <member name="C:Mono.Data.Sqlite.SqliteCommand">
            <summary>To be added.</summary>
            <remarks>To be added.</remarks>
        </member>
        <member name="C:Mono.Data.Sqlite.SqliteCommand(Mono.Data.Sqlite.SqliteConnection)">
            <param name="connection">To be added.</param>
            <summary>To be added.</summary>
            <remarks>To be added.</remarks>
        </member>
        <member name="C:Mono.Data.Sqlite.SqliteCommand(System.String)">
            <param name="commandText">To be added.</param>
            <summary>To be added.</summary>
            <remarks>To be added.</remarks>
        </member>
        <member name="C:Mono.Data.Sqlite.SqliteCommand(System.String,Mono.Data.Sqlite.SqliteConnection)">
            <param name="commandText">To be added.</param>
            <param name="connection">To be added.</param>
            <summary>To be added.</summary>
            <remarks>To be added.</remarks>
        </member>
        <member name="C:Mono.Data.Sqlite.SqliteCommand(System.String,Mono.Data.Sqlite.SqliteConnection,Mono.Data.Sqlite.SqliteTransaction)">
            <param name="commandText">To be added.</param>
            <param name="connection">To be added.</param>
            <param name="transaction">To be added.</param>
            <summary>To be added.</summary>
            <remarks>To be added.</remarks>
        </member>
        <member name="M:Mono.Data.Sqlite.SqliteCommand.Cancel">
            <summary>To be added.</summary>
            <remarks>To be added.</remarks>
        </member>
        <member name="M:Mono.Data.Sqlite.SqliteCommand.Clone">
            <summary>To be added.</summary>
            <returns>To be added.</returns>
            <remarks>To be added.</remarks>
        </member>
        <member name="P:Mono.Data.Sqlite.SqliteCommand.CommandText">
            <summary>To be added.</summary>
            <value>To be added.</value>
            <remarks>To be added.</remarks>
        </member>
        <member name="P:Mono.Data.Sqlite.SqliteCommand.CommandTimeout">
            <summary>To be added.</summary>
            <value>To be added.</value>
            <remarks>To be added.</remarks>
        </member>
        <member name="P:Mono.Data.Sqlite.SqliteCommand.CommandType">
            <summary>To be added.</summary>
            <value>To be added.</value>
            <remarks>To be added.</remarks>
        </member>
        <member name="P:Mono.Data.Sqlite.SqliteCommand.Connection">
            <summary>To be added.</summary>
            <value>To be added.</value>
            <remarks>To be added.</remarks>
        </member>
        <member name="M:Mono.Data.Sqlite.SqliteCommand.CreateDbParameter">
            <summary>To be added.</summary>
            <returns>To be added.</returns>
            <remarks>To be added.</remarks>
        </member>
        <member name="M:Mono.Data.Sqlite.SqliteCommand.CreateParameter">
            <summary>To be added.</summary>
            <returns>To be added.</returns>
            <remarks>To be added.</remarks>
        </member>
        <member name="P:Mono.Data.Sqlite.SqliteCommand.DbConnection">
            <summary>To be added.</summary>
            <value>To be added.</value>
            <remarks>To be added.</remarks>
        </member>
        <member name="P:Mono.Data.Sqlite.SqliteCommand.DbParameterCollection">
            <summary>To be added.</summary>
            <value>To be added.</value>
            <remarks>To be added.</remarks>
        </member>
        <member name="P:Mono.Data.Sqlite.SqliteCommand.DbTransaction">
            <summary>To be added.</summary>
            <value>To be added.</value>
            <remarks>To be added.</remarks>
        </member>
        <member name="P:Mono.Data.Sqlite.SqliteCommand.DesignTimeVisible">
            <summary>To be added.</summary>
            <value>To be added.</value>
            <remarks>To be added.</remarks>
        </member>
        <member name="M:Mono.Data.Sqlite.SqliteCommand.Dispose(System.Boolean)">
            <param name="disposing">To be added.</param>
            <summary>To be added.</summary>
            <remarks>To be added.</remarks>
        </member>
        <member name="M:Mono.Data.Sqlite.SqliteCommand.ExecuteDbDataReader(System.Data.CommandBehavior)">
            <param name="behavior">To be added.</param>
            <summary>To be added.</summary>
            <returns>To be added.</returns>
            <remarks>To be added.</remarks>
        </member>
        <member name="M:Mono.Data.Sqlite.SqliteCommand.ExecuteNonQuery">
            <summary>To be added.</summary>
            <returns>To be added.</returns>
            <remarks>To be added.</remarks>
        </member>
        <member name="M:Mono.Data.Sqlite.SqliteCommand.ExecuteReader">
            <summary>To be added.</summary>
            <returns>To be added.</returns>
            <remarks>To be added.</remarks>
        </member>
        <member name="M:Mono.Data.Sqlite.SqliteCommand.ExecuteReader(System.Data.CommandBehavior)">
            <param name="behavior">To be added.</param>
            <summary>To be added.</summary>
            <returns>To be added.</returns>
            <remarks>To be added.</remarks>
        </member>
        <member name="M:Mono.Data.Sqlite.SqliteCommand.ExecuteScalar">
            <summary>To be added.</summary>
            <returns>To be added.</returns>
            <remarks>To be added.</remarks>
        </member>
        <member name="P:Mono.Data.Sqlite.SqliteCommand.Parameters">
            <summary>To be added.</summary>
            <value>To be added.</value>
            <remarks>To be added.</remarks>
        </member>
        <member name="M:Mono.Data.Sqlite.SqliteCommand.Prepare">
            <summary>To be added.</summary>
            <remarks>To be added.</remarks>
        </member>
        <member name="P:Mono.Data.Sqlite.SqliteCommand.Transaction">
            <summary>To be added.</summary>
            <value>To be added.</value>
            <remarks>To be added.</remarks>
        </member>
        <member name="P:Mono.Data.Sqlite.SqliteCommand.UpdatedRowSource">
            <summary>To be added.</summary>
            <value>To be added.</value>
            <remarks>To be added.</remarks>
        </member>
        <member name="T:Mono.Data.Sqlite.SqliteCommandBuilder">
            <summary>To be added.</summary>
            <remarks>To be added.</remarks>
        </member>
        <member name="C:Mono.Data.Sqlite.SqliteCommandBuilder">
            <summary>To be added.</summary>
            <remarks>To be added.</remarks>
        </member>
        <member name="C:Mono.Data.Sqlite.SqliteCommandBuilder(Mono.Data.Sqlite.SqliteDataAdapter)">
            <param name="adp">To be added.</param>
            <summary>To be added.</summary>
            <remarks>To be added.</remarks>
        </member>
        <member name="M:Mono.Data.Sqlite.SqliteCommandBuilder.ApplyParameterInfo(System.Data.Common.DbParameter,System.Data.DataRow,System.Data.StatementType,System.Boolean)">
            <param name="parameter">To be added.</param>
            <param name="row">To be added.</param>
            <param name="statementType">To be added.</param>
            <param name="whereClause">To be added.</param>
            <summary>To be added.</summary>
            <remarks>To be added.</remarks>
        </member>
        <member name="P:Mono.Data.Sqlite.SqliteCommandBuilder.CatalogLocation">
            <summary>To be added.</summary>
            <value>To be added.</value>
            <remarks>To be added.</remarks>
        </member>
        <member name="P:Mono.Data.Sqlite.SqliteCommandBuilder.CatalogSeparator">
            <summary>To be added.</summary>
            <value>To be added.</value>
            <remarks>To be added.</remarks>
        </member>
        <member name="P:Mono.Data.Sqlite.SqliteCommandBuilder.DataAdapter">
            <summary>To be added.</summary>
            <value>To be added.</value>
            <remarks>To be added.</remarks>
        </member>
        <member name="M:Mono.Data.Sqlite.SqliteCommandBuilder.GetDeleteCommand">
            <summary>To be added.</summary>
            <returns>To be added.</returns>
            <remarks>To be added.</remarks>
        </member>
        <member name="M:Mono.Data.Sqlite.SqliteCommandBuilder.GetDeleteCommand(System.Boolean)">
            <param name="useColumnsForParameterNames">To be added.</param>
            <summary>To be added.</summary>
            <returns>To be added.</returns>
            <remarks>To be added.</remarks>
        </member>
        <member name="M:Mono.Data.Sqlite.SqliteCommandBuilder.GetInsertCommand">
            <summary>To be added.</summary>
            <returns>To be added.</returns>
            <remarks>To be added.</remarks>
        </member>
        <member name="M:Mono.Data.Sqlite.SqliteCommandBuilder.GetInsertCommand(System.Boolean)">
            <param name="useColumnsForParameterNames">To be added.</param>
            <summary>To be added.</summary>
            <returns>To be added.</returns>
            <remarks>To be added.</remarks>
        </member>
        <member name="M:Mono.Data.Sqlite.SqliteCommandBuilder.GetParameterName(System.Int32)">
            <param name="parameterOrdinal">To be added.</param>
            <summary>To be added.</summary>
            <returns>To be added.</returns>
            <remarks>To be added.</remarks>
        </member>
        <member name="M:Mono.Data.Sqlite.SqliteCommandBuilder.GetParameterName(System.String)">
            <param name="parameterName">To be added.</param>
            <summary>To be added.</summary>
            <returns>To be added.</returns>
            <remarks>To be added.</remarks>
        </member>
        <member name="M:Mono.Data.Sqlite.SqliteCommandBuilder.GetParameterPlaceholder(System.Int32)">
            <param name="parameterOrdinal">To be added.</param>
            <summary>To be added.</summary>
            <returns>To be added.</returns>
            <remarks>To be added.</remarks>
        </member>
        <member name="M:Mono.Data.Sqlite.SqliteCommandBuilder.GetSchemaTable(System.Data.Common.DbCommand)">
            <param name="sourceCommand">To be added.</param>
            <summary>To be added.</summary>
            <returns>To be added.</returns>
            <remarks>To be added.</remarks>
        </member>
        <member name="M:Mono.Data.Sqlite.SqliteCommandBuilder.GetUpdateCommand">
            <summary>To be added.</summary>
            <returns>To be added.</returns>
            <remarks>To be added.</remarks>
        </member>
        <member name="M:Mono.Data.Sqlite.SqliteCommandBuilder.GetUpdateCommand(System.Boolean)">
            <param name="useColumnsForParameterNames">To be added.</param>
            <summary>To be added.</summary>
            <returns>To be added.</returns>
            <remarks>To be added.</remarks>
        </member>
        <member name="M:Mono.Data.Sqlite.SqliteCommandBuilder.QuoteIdentifier(System.String)">
            <param name="unquotedIdentifier">To be added.</param>
            <summary>To be added.</summary>
            <returns>To be added.</returns>
            <remarks>To be added.</remarks>
        </member>
        <member name="P:Mono.Data.Sqlite.SqliteCommandBuilder.QuotePrefix">
            <summary>To be added.</summary>
            <value>To be added.</value>
            <remarks>To be added.</remarks>
        </member>
        <member name="P:Mono.Data.Sqlite.SqliteCommandBuilder.QuoteSuffix">
            <summary>To be added.</summary>
            <value>To be added.</value>
            <remarks>To be added.</remarks>
        </member>
        <member name="P:Mono.Data.Sqlite.SqliteCommandBuilder.SchemaSeparator">
            <summary>To be added.</summary>
            <value>To be added.</value>
            <remarks>To be added.</remarks>
        </member>
        <member name="M:Mono.Data.Sqlite.SqliteCommandBuilder.SetRowUpdatingHandler(System.Data.Common.DbDataAdapter)">
            <param name="adapter">To be added.</param>
            <summary>To be added.</summary>
            <remarks>To be added.</remarks>
        </member>
        <member name="M:Mono.Data.Sqlite.SqliteCommandBuilder.UnquoteIdentifier(System.String)">
            <param name="quotedIdentifier">To be added.</param>
            <summary>To be added.</summary>
            <returns>To be added.</returns>
            <remarks>To be added.</remarks>
        </member>
        <member name="T:Mono.Data.Sqlite.SQLiteCommitHandler">
            <param name="sender">To be added.</param>
            <param name="e">To be added.</param>
            <summary>To be added.</summary>
            <remarks>To be added.</remarks>
        </member>
        <member name="T:Mono.Data.Sqlite.SQLiteConfig">
            <summary>To be added.</summary>
            <remarks>To be added.</remarks>
        </member>
        <member name="F:Mono.Data.Sqlite.SQLiteConfig.MultiThread">
            <summary>To be added.</summary>
        </member>
        <member name="F:Mono.Data.Sqlite.SQLiteConfig.Serialized">
            <summary>To be added.</summary>
        </member>
        <member name="F:Mono.Data.Sqlite.SQLiteConfig.SingleThread">
            <summary>To be added.</summary>
        </member>
        <member name="T:Mono.Data.Sqlite.SqliteConnection">
            <summary>To be added.</summary>
            <remarks>To be added.</remarks>
        </member>
        <member name="C:Mono.Data.Sqlite.SqliteConnection">
            <summary>To be added.</summary>
            <remarks>To be added.</remarks>
        </member>
        <member name="C:Mono.Data.Sqlite.SqliteConnection(Mono.Data.Sqlite.SqliteConnection)">
            <param name="connection">To be added.</param>
            <summary>To be added.</summary>
            <remarks>To be added.</remarks>
        </member>
        <member name="C:Mono.Data.Sqlite.SqliteConnection(System.String)">
            <param name="connectionString">To be added.</param>
            <summary>To be added.</summary>
            <remarks>To be added.</remarks>
        </member>
        <member name="M:Mono.Data.Sqlite.SqliteConnection.BeginDbTransaction(System.Data.IsolationLevel)">
            <param name="isolationLevel">To be added.</param>
            <summary>To be added.</summary>
            <returns>To be added.</returns>
            <remarks>To be added.</remarks>
        </member>
        <member name="M:Mono.Data.Sqlite.SqliteConnection.BeginTransaction">
            <summary>To be added.</summary>
            <returns>To be added.</returns>
            <remarks>To be added.</remarks>
        </member>
        <member name="M:Mono.Data.Sqlite.SqliteConnection.BeginTransaction(System.Boolean)">
            <param name="deferredLock">To be added.</param>
            <summary>To be added.</summary>
            <returns>To be added.</returns>
            <remarks>To be added.</remarks>
        </member>
        <member name="M:Mono.Data.Sqlite.SqliteConnection.BeginTransaction(System.Data.IsolationLevel)">
            <param name="isolationLevel">To be added.</param>
            <summary>To be added.</summary>
            <returns>To be added.</returns>
            <remarks>To be added.</remarks>
        </member>
        <member name="M:Mono.Data.Sqlite.SqliteConnection.BeginTransaction(System.Data.IsolationLevel,System.Boolean)">
            <param name="isolationLevel">To be added.</param>
            <param name="deferredLock">To be added.</param>
            <summary>To be added.</summary>
            <returns>To be added.</returns>
            <remarks>To be added.</remarks>
        </member>
        <member name="M:Mono.Data.Sqlite.SqliteConnection.ChangeDatabase(System.String)">
            <param name="databaseName">To be added.</param>
            <summary>To be added.</summary>
            <remarks>To be added.</remarks>
        </member>
        <member name="M:Mono.Data.Sqlite.SqliteConnection.ChangePassword(System.Byte[])">
            <param name="newPassword">To be added.</param>
            <summary>To be added.</summary>
            <remarks>To be added.</remarks>
        </member>
        <member name="M:Mono.Data.Sqlite.SqliteConnection.ChangePassword(System.String)">
            <param name="newPassword">To be added.</param>
            <summary>To be added.</summary>
            <remarks>To be added.</remarks>
        </member>
        <member name="M:Mono.Data.Sqlite.SqliteConnection.ClearAllPools">
            <summary>To be added.</summary>
            <remarks>To be added.</remarks>
        </member>
        <member name="M:Mono.Data.Sqlite.SqliteConnection.ClearPool(Mono.Data.Sqlite.SqliteConnection)">
            <param name="connection">To be added.</param>
            <summary>To be added.</summary>
            <remarks>To be added.</remarks>
        </member>
        <member name="M:Mono.Data.Sqlite.SqliteConnection.Clone">
            <summary>To be added.</summary>
            <returns>To be added.</returns>
            <remarks>To be added.</remarks>
        </member>
        <member name="M:Mono.Data.Sqlite.SqliteConnection.Close">
            <summary>To be added.</summary>
            <remarks>To be added.</remarks>
        </member>
        <member name="E:Mono.Data.Sqlite.SqliteConnection.Commit">
            <summary>To be added.</summary>
            <remarks>To be added.</remarks>
        </member>
        <member name="P:Mono.Data.Sqlite.SqliteConnection.ConnectionString">
            <summary>To be added.</summary>
            <value>To be added.</value>
            <remarks>To be added.</remarks>
        </member>
        <member name="M:Mono.Data.Sqlite.SqliteConnection.CreateCommand">
            <summary>To be added.</summary>
            <returns>To be added.</returns>
            <remarks>To be added.</remarks>
        </member>
        <member name="M:Mono.Data.Sqlite.SqliteConnection.CreateDbCommand">
            <summary>To be added.</summary>
            <returns>To be added.</returns>
            <remarks>To be added.</remarks>
        </member>
        <member name="M:Mono.Data.Sqlite.SqliteConnection.CreateFile(System.String)">
            <param name="databaseFileName">To be added.</param>
            <summary>To be added.</summary>
            <remarks>To be added.</remarks>
        </member>
        <member name="P:Mono.Data.Sqlite.SqliteConnection.Database">
            <summary>To be added.</summary>
            <value>To be added.</value>
            <remarks>To be added.</remarks>
        </member>
        <member name="P:Mono.Data.Sqlite.SqliteConnection.DataSource">
            <summary>To be added.</summary>
            <value>To be added.</value>
            <remarks>To be added.</remarks>
        </member>
        <member name="P:Mono.Data.Sqlite.SqliteConnection.DbProviderFactory">
            <summary>To be added.</summary>
            <value>To be added.</value>
            <remarks>To be added.</remarks>
        </member>
        <member name="P:Mono.Data.Sqlite.SqliteConnection.DefaultTimeout">
            <summary>To be added.</summary>
            <value>To be added.</value>
            <remarks>To be added.</remarks>
        </member>
        <member name="M:Mono.Data.Sqlite.SqliteConnection.Dispose(System.Boolean)">
            <param name="disposing">To be added.</param>
            <summary>To be added.</summary>
            <remarks>To be added.</remarks>
        </member>
        <member name="M:Mono.Data.Sqlite.SqliteConnection.EnlistTransaction(System.Transactions.Transaction)">
            <param name="transaction">To be added.</param>
            <summary>To be added.</summary>
            <remarks>To be added.</remarks>
        </member>
        <member name="M:Mono.Data.Sqlite.SqliteConnection.GetSchema">
            <summary>To be added.</summary>
            <returns>To be added.</returns>
            <remarks>To be added.</remarks>
        </member>
        <member name="M:Mono.Data.Sqlite.SqliteConnection.GetSchema(System.String)">
            <param name="collectionName">To be added.</param>
            <summary>To be added.</summary>
            <returns>To be added.</returns>
            <remarks>To be added.</remarks>
        </member>
        <member name="M:Mono.Data.Sqlite.SqliteConnection.GetSchema(System.String,System.String[])">
            <param name="collectionName">To be added.</param>
            <param name="restrictionValues">To be added.</param>
            <summary>To be added.</summary>
            <returns>To be added.</returns>
            <remarks>To be added.</remarks>
        </member>
        <member name="M:Mono.Data.Sqlite.SqliteConnection.Open">
            <summary>To be added.</summary>
            <remarks>To be added.</remarks>
        </member>
        <member name="E:Mono.Data.Sqlite.SqliteConnection.RollBack">
            <summary>To be added.</summary>
            <remarks>To be added.</remarks>
        </member>
        <member name="P:Mono.Data.Sqlite.SqliteConnection.ServerVersion">
            <summary>To be added.</summary>
            <value>To be added.</value>
            <remarks>To be added.</remarks>
        </member>
        <member name="M:Mono.Data.Sqlite.SqliteConnection.SetConfig(Mono.Data.Sqlite.SQLiteConfig)">
            <param name="config">To be added.</param>
            <summary>To be added.</summary>
            <remarks>To be added.</remarks>
        </member>
        <member name="M:Mono.Data.Sqlite.SqliteConnection.SetPassword(System.Byte[])">
            <param name="databasePassword">To be added.</param>
            <summary>To be added.</summary>
            <remarks>To be added.</remarks>
        </member>
        <member name="M:Mono.Data.Sqlite.SqliteConnection.SetPassword(System.String)">
            <param name="databasePassword">To be added.</param>
            <summary>To be added.</summary>
            <remarks>To be added.</remarks>
        </member>
        <member name="P:Mono.Data.Sqlite.SqliteConnection.SQLiteVersion">
            <summary>To be added.</summary>
            <value>To be added.</value>
            <remarks>To be added.</remarks>
        </member>
        <member name="P:Mono.Data.Sqlite.SqliteConnection.State">
            <summary>To be added.</summary>
            <value>To be added.</value>
            <remarks>To be added.</remarks>
        </member>
        <member name="E:Mono.Data.Sqlite.SqliteConnection.StateChange">
            <summary>To be added.</summary>
            <remarks>To be added.</remarks>
        </member>
        <member name="E:Mono.Data.Sqlite.SqliteConnection.Update">
            <summary>To be added.</summary>
            <remarks>To be added.</remarks>
        </member>
        <member name="T:Mono.Data.Sqlite.SqliteConnectionStringBuilder">
            <summary>To be added.</summary>
            <remarks>To be added.</remarks>
        </member>
        <member name="C:Mono.Data.Sqlite.SqliteConnectionStringBuilder">
            <summary>To be added.</summary>
            <remarks>To be added.</remarks>
        </member>
        <member name="C:Mono.Data.Sqlite.SqliteConnectionStringBuilder(System.String)">
            <param name="connectionString">To be added.</param>
            <summary>To be added.</summary>
            <remarks>To be added.</remarks>
        </member>
        <member name="P:Mono.Data.Sqlite.SqliteConnectionStringBuilder.BinaryGUID">
            <summary>To be added.</summary>
            <value>To be added.</value>
            <remarks>To be added.</remarks>
        </member>
        <member name="P:Mono.Data.Sqlite.SqliteConnectionStringBuilder.CacheSize">
            <summary>To be added.</summary>
            <value>To be added.</value>
            <remarks>To be added.</remarks>
        </member>
        <member name="P:Mono.Data.Sqlite.SqliteConnectionStringBuilder.DataSource">
            <summary>To be added.</summary>
            <value>To be added.</value>
            <remarks>To be added.</remarks>
        </member>
        <member name="P:Mono.Data.Sqlite.SqliteConnectionStringBuilder.DateTimeFormat">
            <summary>To be added.</summary>
            <value>To be added.</value>
            <remarks>To be added.</remarks>
        </member>
        <member name="P:Mono.Data.Sqlite.SqliteConnectionStringBuilder.DefaultIsolationLevel">
            <summary>To be added.</summary>
            <value>To be added.</value>
            <remarks>To be added.</remarks>
        </member>
        <member name="P:Mono.Data.Sqlite.SqliteConnectionStringBuilder.DefaultTimeout">
            <summary>To be added.</summary>
            <value>To be added.</value>
            <remarks>To be added.</remarks>
        </member>
        <member name="P:Mono.Data.Sqlite.SqliteConnectionStringBuilder.Enlist">
            <summary>To be added.</summary>
            <value>To be added.</value>
            <remarks>To be added.</remarks>
        </member>
        <member name="P:Mono.Data.Sqlite.SqliteConnectionStringBuilder.FailIfMissing">
            <summary>To be added.</summary>
            <value>To be added.</value>
            <remarks>To be added.</remarks>
        </member>
        <member name="P:Mono.Data.Sqlite.SqliteConnectionStringBuilder.JournalMode">
            <summary>To be added.</summary>
            <value>To be added.</value>
            <remarks>To be added.</remarks>
        </member>
        <member name="P:Mono.Data.Sqlite.SqliteConnectionStringBuilder.LegacyFormat">
            <summary>To be added.</summary>
            <value>To be added.</value>
            <remarks>To be added.</remarks>
        </member>
        <member name="P:Mono.Data.Sqlite.SqliteConnectionStringBuilder.MaxPageCount">
            <summary>To be added.</summary>
            <value>To be added.</value>
            <remarks>To be added.</remarks>
        </member>
        <member name="P:Mono.Data.Sqlite.SqliteConnectionStringBuilder.PageSize">
            <summary>To be added.</summary>
            <value>To be added.</value>
            <remarks>To be added.</remarks>
        </member>
        <member name="P:Mono.Data.Sqlite.SqliteConnectionStringBuilder.Password">
            <summary>To be added.</summary>
            <value>To be added.</value>
            <remarks>To be added.</remarks>
        </member>
        <member name="P:Mono.Data.Sqlite.SqliteConnectionStringBuilder.Pooling">
            <summary>To be added.</summary>
            <value>To be added.</value>
            <remarks>To be added.</remarks>
        </member>
        <member name="P:Mono.Data.Sqlite.SqliteConnectionStringBuilder.ReadOnly">
            <summary>To be added.</summary>
            <value>To be added.</value>
            <remarks>To be added.</remarks>
        </member>
        <member name="P:Mono.Data.Sqlite.SqliteConnectionStringBuilder.SyncMode">
            <summary>To be added.</summary>
            <value>To be added.</value>
            <remarks>To be added.</remarks>
        </member>
        <member name="M:Mono.Data.Sqlite.SqliteConnectionStringBuilder.TryGetValue(System.String,System.Object@)">
            <param name="keyword">To be added.</param>
            <param name="value">To be added.</param>
            <summary>To be added.</summary>
            <returns>To be added.</returns>
            <remarks>To be added.</remarks>
        </member>
        <member name="P:Mono.Data.Sqlite.SqliteConnectionStringBuilder.Uri">
            <summary>To be added.</summary>
            <value>To be added.</value>
            <remarks>To be added.</remarks>
        </member>
        <member name="P:Mono.Data.Sqlite.SqliteConnectionStringBuilder.UseUTF16Encoding">
            <summary>To be added.</summary>
            <value>To be added.</value>
            <remarks>To be added.</remarks>
        </member>
        <member name="P:Mono.Data.Sqlite.SqliteConnectionStringBuilder.Version">
            <summary>To be added.</summary>
            <value>To be added.</value>
            <remarks>To be added.</remarks>
        </member>
        <member name="T:Mono.Data.Sqlite.SqliteConvert">
            <summary>To be added.</summary>
            <remarks>To be added.</remarks>
        </member>
        <member name="M:Mono.Data.Sqlite.SqliteConvert.Split(System.String,System.Char)">
            <param name="source">To be added.</param>
            <param name="separator">To be added.</param>
            <summary>To be added.</summary>
            <returns>To be added.</returns>
            <remarks>To be added.</remarks>
        </member>
        <member name="M:Mono.Data.Sqlite.SqliteConvert.ToBoolean(System.Object)">
            <param name="source">To be added.</param>
            <summary>To be added.</summary>
            <returns>To be added.</returns>
            <remarks>To be added.</remarks>
        </member>
        <member name="M:Mono.Data.Sqlite.SqliteConvert.ToBoolean(System.String)">
            <param name="source">To be added.</param>
            <summary>To be added.</summary>
            <returns>To be added.</returns>
            <remarks>To be added.</remarks>
        </member>
        <member name="M:Mono.Data.Sqlite.SqliteConvert.ToDateTime(System.Double)">
            <param name="julianDay">To be added.</param>
            <summary>To be added.</summary>
            <returns>To be added.</returns>
            <remarks>To be added.</remarks>
        </member>
        <member name="M:Mono.Data.Sqlite.SqliteConvert.ToDateTime(System.String)">
            <param name="dateText">To be added.</param>
            <summary>To be added.</summary>
            <returns>To be added.</returns>
            <remarks>To be added.</remarks>
        </member>
        <member name="M:Mono.Data.Sqlite.SqliteConvert.ToJulianDay(System.DateTime)">
            <param name="value">To be added.</param>
            <summary>To be added.</summary>
            <returns>To be added.</returns>
            <remarks>To be added.</remarks>
        </member>
        <member name="M:Mono.Data.Sqlite.SqliteConvert.ToString(System.DateTime)">
            <param name="dateValue">To be added.</param>
            <summary>To be added.</summary>
            <returns>To be added.</returns>
            <remarks>To be added.</remarks>
        </member>
        <member name="M:Mono.Data.Sqlite.SqliteConvert.ToString(System.IntPtr,System.Int32)">
            <param name="nativestring">To be added.</param>
            <param name="nativestringlen">To be added.</param>
            <summary>To be added.</summary>
            <returns>To be added.</returns>
            <remarks>To be added.</remarks>
        </member>
        <member name="M:Mono.Data.Sqlite.SqliteConvert.ToUTF8(System.DateTime)">
            <param name="dateTimeValue">To be added.</param>
            <summary>To be added.</summary>
            <returns>To be added.</returns>
            <remarks>To be added.</remarks>
        </member>
        <member name="M:Mono.Data.Sqlite.SqliteConvert.ToUTF8(System.String)">
            <param name="sourceText">To be added.</param>
            <summary>To be added.</summary>
            <returns>To be added.</returns>
            <remarks>To be added.</remarks>
        </member>
        <member name="F:Mono.Data.Sqlite.SqliteConvert.UnixEpoch">
            <summary>To be added.</summary>
            <remarks>To be added.</remarks>
        </member>
        <member name="M:Mono.Data.Sqlite.SqliteConvert.UTF8ToString(System.IntPtr,System.Int32)">
            <param name="nativestring">To be added.</param>
            <param name="nativestringlen">To be added.</param>
            <summary>To be added.</summary>
            <returns>To be added.</returns>
            <remarks>To be added.</remarks>
        </member>
        <member name="T:Mono.Data.Sqlite.SqliteDataAdapter">
            <summary>To be added.</summary>
            <remarks>To be added.</remarks>
        </member>
        <member name="C:Mono.Data.Sqlite.SqliteDataAdapter">
            <summary>To be added.</summary>
            <remarks>To be added.</remarks>
        </member>
        <member name="C:Mono.Data.Sqlite.SqliteDataAdapter(Mono.Data.Sqlite.SqliteCommand)">
            <param name="cmd">To be added.</param>
            <summary>To be added.</summary>
            <remarks>To be added.</remarks>
        </member>
        <member name="C:Mono.Data.Sqlite.SqliteDataAdapter(System.String,Mono.Data.Sqlite.SqliteConnection)">
            <param name="commandText">To be added.</param>
            <param name="connection">To be added.</param>
            <summary>To be added.</summary>
            <remarks>To be added.</remarks>
        </member>
        <member name="C:Mono.Data.Sqlite.SqliteDataAdapter(System.String,System.String)">
            <param name="commandText">To be added.</param>
            <param name="connectionString">To be added.</param>
            <summary>To be added.</summary>
            <remarks>To be added.</remarks>
        </member>
        <member name="P:Mono.Data.Sqlite.SqliteDataAdapter.DeleteCommand">
            <summary>To be added.</summary>
            <value>To be added.</value>
            <remarks>To be added.</remarks>
        </member>
        <member name="P:Mono.Data.Sqlite.SqliteDataAdapter.InsertCommand">
            <summary>To be added.</summary>
            <value>To be added.</value>
            <remarks>To be added.</remarks>
        </member>
        <member name="M:Mono.Data.Sqlite.SqliteDataAdapter.OnRowUpdated(System.Data.Common.RowUpdatedEventArgs)">
            <param name="value">To be added.</param>
            <summary>To be added.</summary>
            <remarks>To be added.</remarks>
        </member>
        <member name="M:Mono.Data.Sqlite.SqliteDataAdapter.OnRowUpdating(System.Data.Common.RowUpdatingEventArgs)">
            <param name="value">To be added.</param>
            <summary>To be added.</summary>
            <remarks>To be added.</remarks>
        </member>
        <member name="E:Mono.Data.Sqlite.SqliteDataAdapter.RowUpdated">
            <summary>To be added.</summary>
            <remarks>To be added.</remarks>
        </member>
        <member name="E:Mono.Data.Sqlite.SqliteDataAdapter.RowUpdating">
            <summary>To be added.</summary>
            <remarks>To be added.</remarks>
        </member>
        <member name="P:Mono.Data.Sqlite.SqliteDataAdapter.SelectCommand">
            <summary>To be added.</summary>
            <value>To be added.</value>
            <remarks>To be added.</remarks>
        </member>
        <member name="P:Mono.Data.Sqlite.SqliteDataAdapter.UpdateCommand">
            <summary>To be added.</summary>
            <value>To be added.</value>
            <remarks>To be added.</remarks>
        </member>
        <member name="T:Mono.Data.Sqlite.SqliteDataReader">
            <summary>To be added.</summary>
            <remarks>To be added.</remarks>
        </member>
        <member name="M:Mono.Data.Sqlite.SqliteDataReader.Close">
            <summary>To be added.</summary>
            <remarks>To be added.</remarks>
        </member>
        <member name="P:Mono.Data.Sqlite.SqliteDataReader.Depth">
            <summary>To be added.</summary>
            <value>To be added.</value>
            <remarks>To be added.</remarks>
        </member>
        <member name="P:Mono.Data.Sqlite.SqliteDataReader.FieldCount">
            <summary>To be added.</summary>
            <value>To be added.</value>
            <remarks>To be added.</remarks>
        </member>
        <member name="M:Mono.Data.Sqlite.SqliteDataReader.GetBoolean(System.Int32)">
            <param name="i">To be added.</param>
            <summary>To be added.</summary>
            <returns>To be added.</returns>
            <remarks>To be added.</remarks>
        </member>
        <member name="M:Mono.Data.Sqlite.SqliteDataReader.GetByte(System.Int32)">
            <param name="i">To be added.</param>
            <summary>To be added.</summary>
            <returns>To be added.</returns>
            <remarks>To be added.</remarks>
        </member>
        <member name="M:Mono.Data.Sqlite.SqliteDataReader.GetBytes(System.Int32,System.Int64,System.Byte[],System.Int32,System.Int32)">
            <param name="i">To be added.</param>
            <param name="fieldOffset">To be added.</param>
            <param name="buffer">To be added.</param>
            <param name="bufferoffset">To be added.</param>
            <param name="length">To be added.</param>
            <summary>To be added.</summary>
            <returns>To be added.</returns>
            <remarks>To be added.</remarks>
        </member>
        <member name="M:Mono.Data.Sqlite.SqliteDataReader.GetChar(System.Int32)">
            <param name="i">To be added.</param>
            <summary>To be added.</summary>
            <returns>To be added.</returns>
            <remarks>To be added.</remarks>
        </member>
        <member name="M:Mono.Data.Sqlite.SqliteDataReader.GetChars(System.Int32,System.Int64,System.Char[],System.Int32,System.Int32)">
            <param name="i">To be added.</param>
            <param name="fieldoffset">To be added.</param>
            <param name="buffer">To be added.</param>
            <param name="bufferoffset">To be added.</param>
            <param name="length">To be added.</param>
            <summary>To be added.</summary>
            <returns>To be added.</returns>
            <remarks>To be added.</remarks>
        </member>
        <member name="M:Mono.Data.Sqlite.SqliteDataReader.GetDataTypeName(System.Int32)">
            <param name="i">To be added.</param>
            <summary>To be added.</summary>
            <returns>To be added.</returns>
            <remarks>To be added.</remarks>
        </member>
        <member name="M:Mono.Data.Sqlite.SqliteDataReader.GetDateTime(System.Int32)">
            <param name="i">To be added.</param>
            <summary>To be added.</summary>
            <returns>To be added.</returns>
            <remarks>To be added.</remarks>
        </member>
        <member name="M:Mono.Data.Sqlite.SqliteDataReader.GetDecimal(System.Int32)">
            <param name="i">To be added.</param>
            <summary>To be added.</summary>
            <returns>To be added.</returns>
            <remarks>To be added.</remarks>
        </member>
        <member name="M:Mono.Data.Sqlite.SqliteDataReader.GetDouble(System.Int32)">
            <param name="i">To be added.</param>
            <summary>To be added.</summary>
            <returns>To be added.</returns>
            <remarks>To be added.</remarks>
        </member>
        <member name="M:Mono.Data.Sqlite.SqliteDataReader.GetEnumerator">
            <summary>To be added.</summary>
            <returns>To be added.</returns>
            <remarks>To be added.</remarks>
        </member>
        <member name="M:Mono.Data.Sqlite.SqliteDataReader.GetFieldType(System.Int32)">
            <param name="i">To be added.</param>
            <summary>To be added.</summary>
            <returns>To be added.</returns>
            <remarks>To be added.</remarks>
        </member>
        <member name="M:Mono.Data.Sqlite.SqliteDataReader.GetFloat(System.Int32)">
            <param name="i">To be added.</param>
            <summary>To be added.</summary>
            <returns>To be added.</returns>
            <remarks>To be added.</remarks>
        </member>
        <member name="M:Mono.Data.Sqlite.SqliteDataReader.GetGuid(System.Int32)">
            <param name="i">To be added.</param>
            <summary>To be added.</summary>
            <returns>To be added.</returns>
            <remarks>To be added.</remarks>
        </member>
        <member name="M:Mono.Data.Sqlite.SqliteDataReader.GetInt16(System.Int32)">
            <param name="i">To be added.</param>
            <summary>To be added.</summary>
            <returns>To be added.</returns>
            <remarks>To be added.</remarks>
        </member>
        <member name="M:Mono.Data.Sqlite.SqliteDataReader.GetInt32(System.Int32)">
            <param name="i">To be added.</param>
            <summary>To be added.</summary>
            <returns>To be added.</returns>
            <remarks>To be added.</remarks>
        </member>
        <member name="M:Mono.Data.Sqlite.SqliteDataReader.GetInt64(System.Int32)">
            <param name="i">To be added.</param>
            <summary>To be added.</summary>
            <returns>To be added.</returns>
            <remarks>To be added.</remarks>
        </member>
        <member name="M:Mono.Data.Sqlite.SqliteDataReader.GetName(System.Int32)">
            <param name="i">To be added.</param>
            <summary>To be added.</summary>
            <returns>To be added.</returns>
            <remarks>To be added.</remarks>
        </member>
        <member name="M:Mono.Data.Sqlite.SqliteDataReader.GetOrdinal(System.String)">
            <param name="name">To be added.</param>
            <summary>To be added.</summary>
            <returns>To be added.</returns>
            <remarks>To be added.</remarks>
        </member>
        <member name="M:Mono.Data.Sqlite.SqliteDataReader.GetSchemaTable">
            <summary>To be added.</summary>
            <returns>To be added.</returns>
            <remarks>To be added.</remarks>
        </member>
        <member name="M:Mono.Data.Sqlite.SqliteDataReader.GetString(System.Int32)">
            <param name="i">To be added.</param>
            <summary>To be added.</summary>
            <returns>To be added.</returns>
            <remarks>To be added.</remarks>
        </member>
        <member name="M:Mono.Data.Sqlite.SqliteDataReader.GetValue(System.Int32)">
            <param name="i">To be added.</param>
            <summary>To be added.</summary>
            <returns>To be added.</returns>
            <remarks>To be added.</remarks>
        </member>
        <member name="M:Mono.Data.Sqlite.SqliteDataReader.GetValues(System.Object[])">
            <param name="values">To be added.</param>
            <summary>To be added.</summary>
            <returns>To be added.</returns>
            <remarks>To be added.</remarks>
        </member>
        <member name="P:Mono.Data.Sqlite.SqliteDataReader.HasRows">
            <summary>To be added.</summary>
            <value>To be added.</value>
            <remarks>To be added.</remarks>
        </member>
        <member name="P:Mono.Data.Sqlite.SqliteDataReader.IsClosed">
            <summary>To be added.</summary>
            <value>To be added.</value>
            <remarks>To be added.</remarks>
        </member>
        <member name="M:Mono.Data.Sqlite.SqliteDataReader.IsDBNull(System.Int32)">
            <param name="i">To be added.</param>
            <summary>To be added.</summary>
            <returns>To be added.</returns>
            <remarks>To be added.</remarks>
        </member>
        <member name="P:Mono.Data.Sqlite.SqliteDataReader.Item(System.Int32)">
            <param name="i">To be added.</param>
            <summary>To be added.</summary>
            <value>To be added.</value>
            <remarks>To be added.</remarks>
        </member>
        <member name="P:Mono.Data.Sqlite.SqliteDataReader.Item(System.String)">
            <param name="name">To be added.</param>
            <summary>To be added.</summary>
            <value>To be added.</value>
            <remarks>To be added.</remarks>
        </member>
        <member name="M:Mono.Data.Sqlite.SqliteDataReader.NextResult">
            <summary>To be added.</summary>
            <returns>To be added.</returns>
            <remarks>To be added.</remarks>
        </member>
        <member name="M:Mono.Data.Sqlite.SqliteDataReader.Read">
            <summary>To be added.</summary>
            <returns>To be added.</returns>
            <remarks>To be added.</remarks>
        </member>
        <member name="P:Mono.Data.Sqlite.SqliteDataReader.RecordsAffected">
            <summary>To be added.</summary>
            <value>To be added.</value>
            <remarks>To be added.</remarks>
        </member>
        <member name="P:Mono.Data.Sqlite.SqliteDataReader.VisibleFieldCount">
            <summary>To be added.</summary>
            <value>To be added.</value>
            <remarks>To be added.</remarks>
        </member>
        <member name="T:Mono.Data.Sqlite.SqliteDataSourceEnumerator">
            <summary>To be added.</summary>
            <remarks>To be added.</remarks>
        </member>
        <member name="C:Mono.Data.Sqlite.SqliteDataSourceEnumerator">
            <summary>To be added.</summary>
            <remarks>To be added.</remarks>
        </member>
        <member name="M:Mono.Data.Sqlite.SqliteDataSourceEnumerator.GetDataSources">
            <summary>To be added.</summary>
            <returns>To be added.</returns>
            <remarks>To be added.</remarks>
        </member>
        <member name="T:Mono.Data.Sqlite.SQLiteDateFormats">
            <summary>To be added.</summary>
            <remarks>To be added.</remarks>
        </member>
        <member name="F:Mono.Data.Sqlite.SQLiteDateFormats.ISO8601">
            <summary>To be added.</summary>
        </member>
        <member name="F:Mono.Data.Sqlite.SQLiteDateFormats.JulianDay">
            <summary>To be added.</summary>
        </member>
        <member name="F:Mono.Data.Sqlite.SQLiteDateFormats.Ticks">
            <summary>To be added.</summary>
        </member>
        <member name="F:Mono.Data.Sqlite.SQLiteDateFormats.UnixEpoch">
            <summary>To be added.</summary>
        </member>
        <member name="T:Mono.Data.Sqlite.SQLiteErrorCode">
            <summary>To be added.</summary>
            <remarks>To be added.</remarks>
        </member>
        <member name="F:Mono.Data.Sqlite.SQLiteErrorCode.Abort">
            <summary>To be added.</summary>
        </member>
        <member name="F:Mono.Data.Sqlite.SQLiteErrorCode.Auth">
            <summary>To be added.</summary>
        </member>
        <member name="F:Mono.Data.Sqlite.SQLiteErrorCode.Busy">
            <summary>To be added.</summary>
        </member>
        <member name="F:Mono.Data.Sqlite.SQLiteErrorCode.CantOpen">
            <summary>To be added.</summary>
        </member>
        <member name="F:Mono.Data.Sqlite.SQLiteErrorCode.Constraint">
            <summary>To be added.</summary>
        </member>
        <member name="F:Mono.Data.Sqlite.SQLiteErrorCode.Corrupt">
            <summary>To be added.</summary>
        </member>
        <member name="F:Mono.Data.Sqlite.SQLiteErrorCode.Done">
            <summary>To be added.</summary>
        </member>
        <member name="F:Mono.Data.Sqlite.SQLiteErrorCode.Empty">
            <summary>To be added.</summary>
        </member>
        <member name="F:Mono.Data.Sqlite.SQLiteErrorCode.Error">
            <summary>To be added.</summary>
        </member>
        <member name="F:Mono.Data.Sqlite.SQLiteErrorCode.Format">
            <summary>To be added.</summary>
        </member>
        <member name="F:Mono.Data.Sqlite.SQLiteErrorCode.Full">
            <summary>To be added.</summary>
        </member>
        <member name="F:Mono.Data.Sqlite.SQLiteErrorCode.Internal">
            <summary>To be added.</summary>
        </member>
        <member name="F:Mono.Data.Sqlite.SQLiteErrorCode.Interrupt">
            <summary>To be added.</summary>
        </member>
        <member name="F:Mono.Data.Sqlite.SQLiteErrorCode.IOErr">
            <summary>To be added.</summary>
        </member>
        <member name="F:Mono.Data.Sqlite.SQLiteErrorCode.Locked">
            <summary>To be added.</summary>
        </member>
        <member name="F:Mono.Data.Sqlite.SQLiteErrorCode.Mismatch">
            <summary>To be added.</summary>
        </member>
        <member name="F:Mono.Data.Sqlite.SQLiteErrorCode.Misuse">
            <summary>To be added.</summary>
        </member>
        <member name="F:Mono.Data.Sqlite.SQLiteErrorCode.NOLFS">
            <summary>To be added.</summary>
        </member>
        <member name="F:Mono.Data.Sqlite.SQLiteErrorCode.NoMem">
            <summary>To be added.</summary>
        </member>
        <member name="F:Mono.Data.Sqlite.SQLiteErrorCode.NotADatabase">
            <summary>To be added.</summary>
        </member>
        <member name="F:Mono.Data.Sqlite.SQLiteErrorCode.NotFound">
            <summary>To be added.</summary>
        </member>
        <member name="F:Mono.Data.Sqlite.SQLiteErrorCode.Ok">
            <summary>To be added.</summary>
        </member>
        <member name="F:Mono.Data.Sqlite.SQLiteErrorCode.Perm">
            <summary>To be added.</summary>
        </member>
        <member name="F:Mono.Data.Sqlite.SQLiteErrorCode.Protocol">
            <summary>To be added.</summary>
        </member>
        <member name="F:Mono.Data.Sqlite.SQLiteErrorCode.Range">
            <summary>To be added.</summary>
        </member>
        <member name="F:Mono.Data.Sqlite.SQLiteErrorCode.ReadOnly">
            <summary>To be added.</summary>
        </member>
        <member name="F:Mono.Data.Sqlite.SQLiteErrorCode.Row">
            <summary>To be added.</summary>
        </member>
        <member name="F:Mono.Data.Sqlite.SQLiteErrorCode.Schema">
            <summary>To be added.</summary>
        </member>
        <member name="F:Mono.Data.Sqlite.SQLiteErrorCode.TooBig">
            <summary>To be added.</summary>
        </member>
        <member name="T:Mono.Data.Sqlite.SqliteException">
            <summary>To be added.</summary>
            <remarks>To be added.</remarks>
        </member>
        <member name="C:Mono.Data.Sqlite.SqliteException">
            <summary>To be added.</summary>
            <remarks>To be added.</remarks>
        </member>
        <member name="C:Mono.Data.Sqlite.SqliteException(System.String)">
            <param name="message">To be added.</param>
            <summary>To be added.</summary>
            <remarks>To be added.</remarks>
        </member>
        <member name="C:Mono.Data.Sqlite.SqliteException(System.Int32,System.String)">
            <param name="errorCode">To be added.</param>
            <param name="extendedInformation">To be added.</param>
            <summary>To be added.</summary>
            <remarks>To be added.</remarks>
        </member>
        <member name="C:Mono.Data.Sqlite.SqliteException(System.String,System.Exception)">
            <param name="message">To be added.</param>
            <param name="innerException">To be added.</param>
            <summary>To be added.</summary>
            <remarks>To be added.</remarks>
        </member>
        <member name="P:Mono.Data.Sqlite.SqliteException.ErrorCode">
            <summary>To be added.</summary>
            <value>To be added.</value>
            <remarks>To be added.</remarks>
        </member>
        <member name="T:Mono.Data.Sqlite.SqliteFactory">
            <summary>To be added.</summary>
            <remarks>To be added.</remarks>
        </member>
        <member name="C:Mono.Data.Sqlite.SqliteFactory">
            <summary>To be added.</summary>
            <remarks>To be added.</remarks>
        </member>
        <member name="M:Mono.Data.Sqlite.SqliteFactory.CreateCommand">
            <summary>To be added.</summary>
            <returns>To be added.</returns>
            <remarks>To be added.</remarks>
        </member>
        <member name="M:Mono.Data.Sqlite.SqliteFactory.CreateCommandBuilder">
            <summary>To be added.</summary>
            <returns>To be added.</returns>
            <remarks>To be added.</remarks>
        </member>
        <member name="M:Mono.Data.Sqlite.SqliteFactory.CreateConnection">
            <summary>To be added.</summary>
            <returns>To be added.</returns>
            <remarks>To be added.</remarks>
        </member>
        <member name="M:Mono.Data.Sqlite.SqliteFactory.CreateConnectionStringBuilder">
            <summary>To be added.</summary>
            <returns>To be added.</returns>
            <remarks>To be added.</remarks>
        </member>
        <member name="M:Mono.Data.Sqlite.SqliteFactory.CreateDataAdapter">
            <summary>To be added.</summary>
            <returns>To be added.</returns>
            <remarks>To be added.</remarks>
        </member>
        <member name="M:Mono.Data.Sqlite.SqliteFactory.CreateParameter">
            <summary>To be added.</summary>
            <returns>To be added.</returns>
            <remarks>To be added.</remarks>
        </member>
        <member name="F:Mono.Data.Sqlite.SqliteFactory.Instance">
            <summary>To be added.</summary>
            <remarks>To be added.</remarks>
        </member>
        <member name="M:Mono.Data.Sqlite.SqliteFactory.System#IServiceProvider#GetService(System.Type)">
            <param name="serviceType">To be added.</param>
            <summary>To be added.</summary>
            <returns>To be added.</returns>
            <remarks>To be added.</remarks>
        </member>
        <member name="T:Mono.Data.Sqlite.SqliteFunction">
            <summary>To be added.</summary>
            <remarks>To be added.</remarks>
        </member>
        <member name="C:Mono.Data.Sqlite.SqliteFunction">
            <summary>To be added.</summary>
            <remarks>To be added.</remarks>
        </member>
        <member name="M:Mono.Data.Sqlite.SqliteFunction.Compare(System.String,System.String)">
            <param name="param1">To be added.</param>
            <param name="param2">To be added.</param>
            <summary>To be added.</summary>
            <returns>To be added.</returns>
            <remarks>To be added.</remarks>
        </member>
        <member name="M:Mono.Data.Sqlite.SqliteFunction.Dispose">
            <summary>To be added.</summary>
            <remarks>To be added.</remarks>
        </member>
        <member name="M:Mono.Data.Sqlite.SqliteFunction.Dispose(System.Boolean)">
            <param name="disposing">To be added.</param>
            <summary>To be added.</summary>
            <remarks>To be added.</remarks>
        </member>
        <member name="M:Mono.Data.Sqlite.SqliteFunction.Final(System.Object)">
            <param name="contextData">To be added.</param>
            <summary>To be added.</summary>
            <returns>To be added.</returns>
            <remarks>To be added.</remarks>
        </member>
        <member name="M:Mono.Data.Sqlite.SqliteFunction.Invoke(System.Object[])">
            <param name="args">To be added.</param>
            <summary>To be added.</summary>
            <returns>To be added.</returns>
            <remarks>To be added.</remarks>
        </member>
        <member name="M:Mono.Data.Sqlite.SqliteFunction.RegisterFunction(System.Type)">
            <param name="typ">To be added.</param>
            <summary>To be added.</summary>
            <remarks>To be added.</remarks>
        </member>
        <member name="P:Mono.Data.Sqlite.SqliteFunction.SqliteConvert">
            <summary>To be added.</summary>
            <value>To be added.</value>
            <remarks>To be added.</remarks>
        </member>
        <member name="M:Mono.Data.Sqlite.SqliteFunction.Step(System.Object[],System.Int32,System.Object@)">
            <param name="args">To be added.</param>
            <param name="stepNumber">To be added.</param>
            <param name="contextData">To be added.</param>
            <summary>To be added.</summary>
            <remarks>To be added.</remarks>
        </member>
        <member name="T:Mono.Data.Sqlite.SqliteFunctionAttribute">
            <summary>To be added.</summary>
            <remarks>To be added.</remarks>
        </member>
        <member name="C:Mono.Data.Sqlite.SqliteFunctionAttribute">
            <summary>To be added.</summary>
            <remarks>To be added.</remarks>
        </member>
        <member name="P:Mono.Data.Sqlite.SqliteFunctionAttribute.Arguments">
            <summary>To be added.</summary>
            <value>To be added.</value>
            <remarks>To be added.</remarks>
        </member>
        <member name="P:Mono.Data.Sqlite.SqliteFunctionAttribute.FuncType">
            <summary>To be added.</summary>
            <value>To be added.</value>
            <remarks>To be added.</remarks>
        </member>
        <member name="P:Mono.Data.Sqlite.SqliteFunctionAttribute.Name">
            <summary>To be added.</summary>
            <value>To be added.</value>
            <remarks>To be added.</remarks>
        </member>
        <member name="T:Mono.Data.Sqlite.SqliteFunctionEx">
            <summary>To be added.</summary>
            <remarks>To be added.</remarks>
        </member>
        <member name="C:Mono.Data.Sqlite.SqliteFunctionEx">
            <summary>To be added.</summary>
            <remarks>To be added.</remarks>
        </member>
        <member name="M:Mono.Data.Sqlite.SqliteFunctionEx.GetCollationSequence">
            <summary>To be added.</summary>
            <returns>To be added.</returns>
            <remarks>To be added.</remarks>
        </member>
        <member name="T:Mono.Data.Sqlite.SQLiteJournalModeEnum">
            <summary>To be added.</summary>
            <remarks>To be added.</remarks>
        </member>
        <member name="F:Mono.Data.Sqlite.SQLiteJournalModeEnum.Delete">
            <summary>To be added.</summary>
        </member>
        <member name="F:Mono.Data.Sqlite.SQLiteJournalModeEnum.Off">
            <summary>To be added.</summary>
        </member>
        <member name="F:Mono.Data.Sqlite.SQLiteJournalModeEnum.Persist">
            <summary>To be added.</summary>
        </member>
        <member name="T:Mono.Data.Sqlite.SqliteMetaDataCollectionNames">
            <summary>To be added.</summary>
            <remarks>To be added.</remarks>
        </member>
        <member name="F:Mono.Data.Sqlite.SqliteMetaDataCollectionNames.Catalogs">
            <summary>To be added.</summary>
            <remarks>To be added.</remarks>
        </member>
        <member name="F:Mono.Data.Sqlite.SqliteMetaDataCollectionNames.Columns">
            <summary>To be added.</summary>
            <remarks>To be added.</remarks>
        </member>
        <member name="F:Mono.Data.Sqlite.SqliteMetaDataCollectionNames.ForeignKeys">
            <summary>To be added.</summary>
            <remarks>To be added.</remarks>
        </member>
        <member name="F:Mono.Data.Sqlite.SqliteMetaDataCollectionNames.IndexColumns">
            <summary>To be added.</summary>
            <remarks>To be added.</remarks>
        </member>
        <member name="F:Mono.Data.Sqlite.SqliteMetaDataCollectionNames.Indexes">
            <summary>To be added.</summary>
            <remarks>To be added.</remarks>
        </member>
        <member name="F:Mono.Data.Sqlite.SqliteMetaDataCollectionNames.Tables">
            <summary>To be added.</summary>
            <remarks>To be added.</remarks>
        </member>
        <member name="F:Mono.Data.Sqlite.SqliteMetaDataCollectionNames.Triggers">
            <summary>To be added.</summary>
            <remarks>To be added.</remarks>
        </member>
        <member name="F:Mono.Data.Sqlite.SqliteMetaDataCollectionNames.ViewColumns">
            <summary>To be added.</summary>
            <remarks>To be added.</remarks>
        </member>
        <member name="F:Mono.Data.Sqlite.SqliteMetaDataCollectionNames.Views">
            <summary>To be added.</summary>
            <remarks>To be added.</remarks>
        </member>
        <member name="T:Mono.Data.Sqlite.SqliteParameter">
            <summary>To be added.</summary>
            <remarks>To be added.</remarks>
        </member>
        <member name="C:Mono.Data.Sqlite.SqliteParameter">
            <summary>To be added.</summary>
            <remarks>To be added.</remarks>
        </member>
        <member name="C:Mono.Data.Sqlite.SqliteParameter(System.Data.DbType)">
            <param name="dbType">To be added.</param>
            <summary>To be added.</summary>
            <remarks>To be added.</remarks>
        </member>
        <member name="C:Mono.Data.Sqlite.SqliteParameter(System.String)">
            <param name="parameterName">To be added.</param>
            <summary>To be added.</summary>
            <remarks>To be added.</remarks>
        </member>
        <member name="C:Mono.Data.Sqlite.SqliteParameter(System.Data.DbType,System.Int32)">
            <param name="parameterType">To be added.</param>
            <param name="parameterSize">To be added.</param>
            <summary>To be added.</summary>
            <remarks>To be added.</remarks>
        </member>
        <member name="C:Mono.Data.Sqlite.SqliteParameter(System.Data.DbType,System.Object)">
            <param name="dbType">To be added.</param>
            <param name="value">To be added.</param>
            <summary>To be added.</summary>
            <remarks>To be added.</remarks>
        </member>
        <member name="C:Mono.Data.Sqlite.SqliteParameter(System.Data.DbType,System.String)">
            <param name="dbType">To be added.</param>
            <param name="sourceColumn">To be added.</param>
            <summary>To be added.</summary>
            <remarks>To be added.</remarks>
        </member>
        <member name="C:Mono.Data.Sqlite.SqliteParameter(System.String,System.Data.DbType)">
            <param name="parameterName">To be added.</param>
            <param name="dbType">To be added.</param>
            <summary>To be added.</summary>
            <remarks>To be added.</remarks>
        </member>
        <member name="C:Mono.Data.Sqlite.SqliteParameter(System.String,System.Object)">
            <param name="parameterName">To be added.</param>
            <param name="value">To be added.</param>
            <summary>To be added.</summary>
            <remarks>To be added.</remarks>
        </member>
        <member name="C:Mono.Data.Sqlite.SqliteParameter(System.Data.DbType,System.Int32,System.String)">
            <param name="parameterType">To be added.</param>
            <param name="parameterSize">To be added.</param>
            <param name="sourceColumn">To be added.</param>
            <summary>To be added.</summary>
            <remarks>To be added.</remarks>
        </member>
        <member name="C:Mono.Data.Sqlite.SqliteParameter(System.Data.DbType,System.String,System.Data.DataRowVersion)">
            <param name="dbType">To be added.</param>
            <param name="sourceColumn">To be added.</param>
            <param name="rowVersion">To be added.</param>
            <summary>To be added.</summary>
            <remarks>To be added.</remarks>
        </member>
        <member name="C:Mono.Data.Sqlite.SqliteParameter(System.String,System.Data.DbType,System.Int32)">
            <param name="parameterName">To be added.</param>
            <param name="parameterType">To be added.</param>
            <param name="parameterSize">To be added.</param>
            <summary>To be added.</summary>
            <remarks>To be added.</remarks>
        </member>
        <member name="C:Mono.Data.Sqlite.SqliteParameter(System.String,System.Data.DbType,System.String)">
            <param name="parameterName">To be added.</param>
            <param name="dbType">To be added.</param>
            <param name="sourceColumn">To be added.</param>
            <summary>To be added.</summary>
            <remarks>To be added.</remarks>
        </member>
        <member name="C:Mono.Data.Sqlite.SqliteParameter(System.Data.DbType,System.Int32,System.String,System.Data.DataRowVersion)">
            <param name="parameterType">To be added.</param>
            <param name="parameterSize">To be added.</param>
            <param name="sourceColumn">To be added.</param>
            <param name="rowVersion">To be added.</param>
            <summary>To be added.</summary>
            <remarks>To be added.</remarks>
        </member>
        <member name="C:Mono.Data.Sqlite.SqliteParameter(System.String,System.Data.DbType,System.Int32,System.String)">
            <param name="parameterName">To be added.</param>
            <param name="parameterType">To be added.</param>
            <param name="parameterSize">To be added.</param>
            <param name="sourceColumn">To be added.</param>
            <summary>To be added.</summary>
            <remarks>To be added.</remarks>
        </member>
        <member name="C:Mono.Data.Sqlite.SqliteParameter(System.String,System.Data.DbType,System.String,System.Data.DataRowVersion)">
            <param name="parameterName">To be added.</param>
            <param name="dbType">To be added.</param>
            <param name="sourceColumn">To be added.</param>
            <param name="rowVersion">To be added.</param>
            <summary>To be added.</summary>
            <remarks>To be added.</remarks>
        </member>
        <member name="C:Mono.Data.Sqlite.SqliteParameter(System.String,System.Data.DbType,System.Int32,System.String,System.Data.DataRowVersion)">
            <param name="parameterName">To be added.</param>
            <param name="parameterType">To be added.</param>
            <param name="parameterSize">To be added.</param>
            <param name="sourceColumn">To be added.</param>
            <param name="rowVersion">To be added.</param>
            <summary>To be added.</summary>
            <remarks>To be added.</remarks>
        </member>
        <member name="C:Mono.Data.Sqlite.SqliteParameter(System.String,System.Data.DbType,System.Int32,System.Data.ParameterDirection,System.Boolean,System.Byte,System.Byte,System.String,System.Data.DataRowVersion,System.Object)">
            <param name="parameterName">To be added.</param>
            <param name="parameterType">To be added.</param>
            <param name="parameterSize">To be added.</param>
            <param name="direction">To be added.</param>
            <param name="isNullable">To be added.</param>
            <param name="precision">To be added.</param>
            <param name="scale">To be added.</param>
            <param name="sourceColumn">To be added.</param>
            <param name="rowVersion">To be added.</param>
            <param name="value">To be added.</param>
            <summary>To be added.</summary>
            <remarks>To be added.</remarks>
        </member>
        <member name="C:Mono.Data.Sqlite.SqliteParameter(System.String,System.Data.DbType,System.Int32,System.Data.ParameterDirection,System.Byte,System.Byte,System.String,System.Data.DataRowVersion,System.Boolean,System.Object)">
            <param name="parameterName">To be added.</param>
            <param name="parameterType">To be added.</param>
            <param name="parameterSize">To be added.</param>
            <param name="direction">To be added.</param>
            <param name="precision">To be added.</param>
            <param name="scale">To be added.</param>
            <param name="sourceColumn">To be added.</param>
            <param name="rowVersion">To be added.</param>
            <param name="sourceColumnNullMapping">To be added.</param>
            <param name="value">To be added.</param>
            <summary>To be added.</summary>
            <remarks>To be added.</remarks>
        </member>
        <member name="M:Mono.Data.Sqlite.SqliteParameter.Clone">
            <summary>To be added.</summary>
            <returns>To be added.</returns>
            <remarks>To be added.</remarks>
        </member>
        <member name="P:Mono.Data.Sqlite.SqliteParameter.DbType">
            <summary>To be added.</summary>
            <value>To be added.</value>
            <remarks>To be added.</remarks>
        </member>
        <member name="P:Mono.Data.Sqlite.SqliteParameter.Direction">
            <summary>To be added.</summary>
            <value>To be added.</value>
            <remarks>To be added.</remarks>
        </member>
        <member name="P:Mono.Data.Sqlite.SqliteParameter.IsNullable">
            <summary>To be added.</summary>
            <value>To be added.</value>
            <remarks>To be added.</remarks>
        </member>
        <member name="P:Mono.Data.Sqlite.SqliteParameter.ParameterName">
            <summary>To be added.</summary>
            <value>To be added.</value>
            <remarks>To be added.</remarks>
        </member>
        <member name="M:Mono.Data.Sqlite.SqliteParameter.ResetDbType">
            <summary>To be added.</summary>
            <remarks>To be added.</remarks>
        </member>
        <member name="P:Mono.Data.Sqlite.SqliteParameter.Size">
            <summary>To be added.</summary>
            <value>To be added.</value>
            <remarks>To be added.</remarks>
        </member>
        <member name="P:Mono.Data.Sqlite.SqliteParameter.SourceColumn">
            <summary>To be added.</summary>
            <value>To be added.</value>
            <remarks>To be added.</remarks>
        </member>
        <member name="P:Mono.Data.Sqlite.SqliteParameter.SourceColumnNullMapping">
            <summary>To be added.</summary>
            <value>To be added.</value>
            <remarks>To be added.</remarks>
        </member>
        <member name="P:Mono.Data.Sqlite.SqliteParameter.SourceVersion">
            <summary>To be added.</summary>
            <value>To be added.</value>
            <remarks>To be added.</remarks>
        </member>
        <member name="P:Mono.Data.Sqlite.SqliteParameter.Value">
            <summary>To be added.</summary>
            <value>To be added.</value>
            <remarks>To be added.</remarks>
        </member>
        <member name="T:Mono.Data.Sqlite.SqliteParameterCollection">
            <summary>To be added.</summary>
            <remarks>To be added.</remarks>
        </member>
        <member name="M:Mono.Data.Sqlite.SqliteParameterCollection.Add(Mono.Data.Sqlite.SqliteParameter)">
            <param name="parameter">To be added.</param>
            <summary>To be added.</summary>
            <returns>To be added.</returns>
            <remarks>To be added.</remarks>
        </member>
        <member name="M:Mono.Data.Sqlite.SqliteParameterCollection.Add(System.Object)">
            <param name="value">To be added.</param>
            <summary>To be added.</summary>
            <returns>To be added.</returns>
            <remarks>To be added.</remarks>
        </member>
        <member name="M:Mono.Data.Sqlite.SqliteParameterCollection.Add(System.String,System.Data.DbType)">
            <param name="parameterName">To be added.</param>
            <param name="parameterType">To be added.</param>
            <summary>To be added.</summary>
            <returns>To be added.</returns>
            <remarks>To be added.</remarks>
        </member>
        <member name="M:Mono.Data.Sqlite.SqliteParameterCollection.Add(System.String,System.Data.DbType,System.Int32)">
            <param name="parameterName">To be added.</param>
            <param name="parameterType">To be added.</param>
            <param name="parameterSize">To be added.</param>
            <summary>To be added.</summary>
            <returns>To be added.</returns>
            <remarks>To be added.</remarks>
        </member>
        <member name="M:Mono.Data.Sqlite.SqliteParameterCollection.Add(System.String,System.Data.DbType,System.Int32,System.String)">
            <param name="parameterName">To be added.</param>
            <param name="parameterType">To be added.</param>
            <param name="parameterSize">To be added.</param>
            <param name="sourceColumn">To be added.</param>
            <summary>To be added.</summary>
            <returns>To be added.</returns>
            <remarks>To be added.</remarks>
        </member>
        <member name="M:Mono.Data.Sqlite.SqliteParameterCollection.AddRange(Mono.Data.Sqlite.SqliteParameter[])">
            <param name="values">To be added.</param>
            <summary>To be added.</summary>
            <remarks>To be added.</remarks>
        </member>
        <member name="M:Mono.Data.Sqlite.SqliteParameterCollection.AddRange(System.Array)">
            <param name="values">To be added.</param>
            <summary>To be added.</summary>
            <remarks>To be added.</remarks>
        </member>
        <member name="M:Mono.Data.Sqlite.SqliteParameterCollection.AddWithValue(System.String,System.Object)">
            <param name="parameterName">To be added.</param>
            <param name="value">To be added.</param>
            <summary>To be added.</summary>
            <returns>To be added.</returns>
            <remarks>To be added.</remarks>
        </member>
        <member name="M:Mono.Data.Sqlite.SqliteParameterCollection.Clear">
            <summary>To be added.</summary>
            <remarks>To be added.</remarks>
        </member>
        <member name="M:Mono.Data.Sqlite.SqliteParameterCollection.Contains(System.Object)">
            <param name="value">To be added.</param>
            <summary>To be added.</summary>
            <returns>To be added.</returns>
            <remarks>To be added.</remarks>
        </member>
        <member name="M:Mono.Data.Sqlite.SqliteParameterCollection.Contains(System.String)">
            <param name="parameterName">To be added.</param>
            <summary>To be added.</summary>
            <returns>To be added.</returns>
            <remarks>To be added.</remarks>
        </member>
        <member name="M:Mono.Data.Sqlite.SqliteParameterCollection.CopyTo(System.Array,System.Int32)">
            <param name="array">To be added.</param>
            <param name="index">To be added.</param>
            <summary>To be added.</summary>
            <remarks>To be added.</remarks>
        </member>
        <member name="P:Mono.Data.Sqlite.SqliteParameterCollection.Count">
            <summary>To be added.</summary>
            <value>To be added.</value>
            <remarks>To be added.</remarks>
        </member>
        <member name="M:Mono.Data.Sqlite.SqliteParameterCollection.GetEnumerator">
            <summary>To be added.</summary>
            <returns>To be added.</returns>
            <remarks>To be added.</remarks>
        </member>
        <member name="M:Mono.Data.Sqlite.SqliteParameterCollection.GetParameter(System.Int32)">
            <param name="index">To be added.</param>
            <summary>To be added.</summary>
            <returns>To be added.</returns>
            <remarks>To be added.</remarks>
        </member>
        <member name="M:Mono.Data.Sqlite.SqliteParameterCollection.GetParameter(System.String)">
            <param name="parameterName">To be added.</param>
            <summary>To be added.</summary>
            <returns>To be added.</returns>
            <remarks>To be added.</remarks>
        </member>
        <member name="M:Mono.Data.Sqlite.SqliteParameterCollection.IndexOf(System.Object)">
            <param name="value">To be added.</param>
            <summary>To be added.</summary>
            <returns>To be added.</returns>
            <remarks>To be added.</remarks>
        </member>
        <member name="M:Mono.Data.Sqlite.SqliteParameterCollection.IndexOf(System.String)">
            <param name="parameterName">To be added.</param>
            <summary>To be added.</summary>
            <returns>To be added.</returns>
            <remarks>To be added.</remarks>
        </member>
        <member name="M:Mono.Data.Sqlite.SqliteParameterCollection.Insert(System.Int32,System.Object)">
            <param name="index">To be added.</param>
            <param name="value">To be added.</param>
            <summary>To be added.</summary>
            <remarks>To be added.</remarks>
        </member>
        <member name="P:Mono.Data.Sqlite.SqliteParameterCollection.IsFixedSize">
            <summary>To be added.</summary>
            <value>To be added.</value>
            <remarks>To be added.</remarks>
        </member>
        <member name="P:Mono.Data.Sqlite.SqliteParameterCollection.IsReadOnly">
            <summary>To be added.</summary>
            <value>To be added.</value>
            <remarks>To be added.</remarks>
        </member>
        <member name="P:Mono.Data.Sqlite.SqliteParameterCollection.IsSynchronized">
            <summary>To be added.</summary>
            <value>To be added.</value>
            <remarks>To be added.</remarks>
        </member>
        <member name="P:Mono.Data.Sqlite.SqliteParameterCollection.Item(System.Int32)">
            <param name="index">To be added.</param>
            <summary>To be added.</summary>
            <value>To be added.</value>
            <remarks>To be added.</remarks>
        </member>
        <member name="P:Mono.Data.Sqlite.SqliteParameterCollection.Item(System.String)">
            <param name="parameterName">To be added.</param>
            <summary>To be added.</summary>
            <value>To be added.</value>
            <remarks>To be added.</remarks>
        </member>
        <member name="M:Mono.Data.Sqlite.SqliteParameterCollection.Remove(System.Object)">
            <param name="value">To be added.</param>
            <summary>To be added.</summary>
            <remarks>To be added.</remarks>
        </member>
        <member name="M:Mono.Data.Sqlite.SqliteParameterCollection.RemoveAt(System.Int32)">
            <param name="index">To be added.</param>
            <summary>To be added.</summary>
            <remarks>To be added.</remarks>
        </member>
        <member name="M:Mono.Data.Sqlite.SqliteParameterCollection.RemoveAt(System.String)">
            <param name="parameterName">To be added.</param>
            <summary>To be added.</summary>
            <remarks>To be added.</remarks>
        </member>
        <member name="M:Mono.Data.Sqlite.SqliteParameterCollection.SetParameter(System.Int32,System.Data.Common.DbParameter)">
            <param name="index">To be added.</param>
            <param name="value">To be added.</param>
            <summary>To be added.</summary>
            <remarks>To be added.</remarks>
        </member>
        <member name="M:Mono.Data.Sqlite.SqliteParameterCollection.SetParameter(System.String,System.Data.Common.DbParameter)">
            <param name="parameterName">To be added.</param>
            <param name="value">To be added.</param>
            <summary>To be added.</summary>
            <remarks>To be added.</remarks>
        </member>
        <member name="P:Mono.Data.Sqlite.SqliteParameterCollection.SyncRoot">
            <summary>To be added.</summary>
            <value>To be added.</value>
            <remarks>To be added.</remarks>
        </member>
        <member name="T:Mono.Data.Sqlite.SqliteTransaction">
            <summary>To be added.</summary>
            <remarks>To be added.</remarks>
        </member>
        <member name="M:Mono.Data.Sqlite.SqliteTransaction.Commit">
            <summary>To be added.</summary>
            <remarks>To be added.</remarks>
        </member>
        <member name="P:Mono.Data.Sqlite.SqliteTransaction.Connection">
            <summary>To be added.</summary>
            <value>To be added.</value>
            <remarks>To be added.</remarks>
        </member>
        <member name="P:Mono.Data.Sqlite.SqliteTransaction.DbConnection">
            <summary>To be added.</summary>
            <value>To be added.</value>
            <remarks>To be added.</remarks>
        </member>
        <member name="M:Mono.Data.Sqlite.SqliteTransaction.Dispose(System.Boolean)">
            <param name="disposing">To be added.</param>
            <summary>To be added.</summary>
            <remarks>To be added.</remarks>
        </member>
        <member name="P:Mono.Data.Sqlite.SqliteTransaction.IsolationLevel">
            <summary>To be added.</summary>
            <value>To be added.</value>
            <remarks>To be added.</remarks>
        </member>
        <member name="M:Mono.Data.Sqlite.SqliteTransaction.Rollback">
            <summary>To be added.</summary>
            <remarks>To be added.</remarks>
        </member>
        <member name="T:Mono.Data.Sqlite.SQLiteUpdateEventHandler">
            <param name="sender">To be added.</param>
            <param name="e">To be added.</param>
            <summary>To be added.</summary>
            <remarks>To be added.</remarks>
        </member>
        <member name="T:Mono.Data.Sqlite.SynchronizationModes">
            <summary>To be added.</summary>
            <remarks>To be added.</remarks>
        </member>
        <member name="F:Mono.Data.Sqlite.SynchronizationModes.Full">
            <summary>To be added.</summary>
        </member>
        <member name="F:Mono.Data.Sqlite.SynchronizationModes.Normal">
            <summary>To be added.</summary>
        </member>
        <member name="F:Mono.Data.Sqlite.SynchronizationModes.Off">
            <summary>To be added.</summary>
        </member>
        <member name="T:Mono.Data.Sqlite.TypeAffinity">
            <summary>To be added.</summary>
            <remarks>To be added.</remarks>
        </member>
        <member name="F:Mono.Data.Sqlite.TypeAffinity.Blob">
            <summary>To be added.</summary>
        </member>
        <member name="F:Mono.Data.Sqlite.TypeAffinity.DateTime">
            <summary>To be added.</summary>
        </member>
        <member name="F:Mono.Data.Sqlite.TypeAffinity.Double">
            <summary>To be added.</summary>
        </member>
        <member name="F:Mono.Data.Sqlite.TypeAffinity.Int64">
            <summary>To be added.</summary>
        </member>
        <member name="F:Mono.Data.Sqlite.TypeAffinity.None">
            <summary>To be added.</summary>
        </member>
        <member name="F:Mono.Data.Sqlite.TypeAffinity.Null">
            <summary>To be added.</summary>
        </member>
        <member name="F:Mono.Data.Sqlite.TypeAffinity.Text">
            <summary>To be added.</summary>
        </member>
        <member name="F:Mono.Data.Sqlite.TypeAffinity.Uninitialized">
            <summary>To be added.</summary>
        </member>
        <member name="T:Mono.Data.Sqlite.UpdateEventArgs">
            <summary>To be added.</summary>
            <remarks>To be added.</remarks>
        </member>
        <member name="F:Mono.Data.Sqlite.UpdateEventArgs.Database">
            <summary>To be added.</summary>
            <remarks>To be added.</remarks>
        </member>
        <member name="F:Mono.Data.Sqlite.UpdateEventArgs.Event">
            <summary>To be added.</summary>
            <remarks>To be added.</remarks>
        </member>
        <member name="F:Mono.Data.Sqlite.UpdateEventArgs.RowId">
            <summary>To be added.</summary>
            <remarks>To be added.</remarks>
        </member>
        <member name="F:Mono.Data.Sqlite.UpdateEventArgs.Table">
            <summary>To be added.</summary>
            <remarks>To be added.</remarks>
        </member>
        <member name="T:Mono.Data.Sqlite.UpdateEventType">
            <summary>To be added.</summary>
            <remarks>To be added.</remarks>
        </member>
        <member name="F:Mono.Data.Sqlite.UpdateEventType.Delete">
            <summary>To be added.</summary>
        </member>
        <member name="F:Mono.Data.Sqlite.UpdateEventType.Insert">
            <summary>To be added.</summary>
        </member>
        <member name="F:Mono.Data.Sqlite.UpdateEventType.Update">
            <summary>To be added.</summary>
        </member>
    </members>
</doc>
