<doc>
    <assembly>
        <name>Mono.CompilerServices.SymbolWriter</name>
    </assembly>
    <members>
        <member name="T:Mono.CompilerServices.SymbolWriter.AnonymousScopeEntry">
            <summary>To be added.</summary>
            <remarks>To be added.</remarks>
        </member>
        <member name="C:Mono.CompilerServices.SymbolWriter.AnonymousScopeEntry(System.Int32)">
            <param name="id">To be added.</param>
            <summary>To be added.</summary>
            <remarks>To be added.</remarks>
        </member>
        <member name="P:Mono.CompilerServices.SymbolWriter.AnonymousScopeEntry.CapturedScopes">
            <summary>To be added.</summary>
            <value>To be added.</value>
            <remarks>To be added.</remarks>
        </member>
        <member name="P:Mono.CompilerServices.SymbolWriter.AnonymousScopeEntry.CapturedVariables">
            <summary>To be added.</summary>
            <value>To be added.</value>
            <remarks>To be added.</remarks>
        </member>
        <member name="F:Mono.CompilerServices.SymbolWriter.AnonymousScopeEntry.ID">
            <summary>To be added.</summary>
            <remarks>To be added.</remarks>
        </member>
        <member name="M:Mono.CompilerServices.SymbolWriter.AnonymousScopeEntry.ToString">
            <summary>To be added.</summary>
            <returns>To be added.</returns>
            <remarks>To be added.</remarks>
        </member>
        <member name="T:Mono.CompilerServices.SymbolWriter.CapturedScope">
            <summary>To be added.</summary>
            <remarks>To be added.</remarks>
        </member>
        <member name="C:Mono.CompilerServices.SymbolWriter.CapturedScope(System.Int32,System.String)">
            <param name="scope">To be added.</param>
            <param name="captured_name">To be added.</param>
            <summary>To be added.</summary>
            <remarks>To be added.</remarks>
        </member>
        <member name="F:Mono.CompilerServices.SymbolWriter.CapturedScope.CapturedName">
            <summary>To be added.</summary>
            <remarks>To be added.</remarks>
        </member>
        <member name="F:Mono.CompilerServices.SymbolWriter.CapturedScope.Scope">
            <summary>To be added.</summary>
            <remarks>To be added.</remarks>
        </member>
        <member name="M:Mono.CompilerServices.SymbolWriter.CapturedScope.ToString">
            <summary>To be added.</summary>
            <returns>To be added.</returns>
            <remarks>To be added.</remarks>
        </member>
        <member name="T:Mono.CompilerServices.SymbolWriter.CapturedVariable">
            <summary>To be added.</summary>
            <remarks>To be added.</remarks>
        </member>
        <member name="C:Mono.CompilerServices.SymbolWriter.CapturedVariable(System.String,System.String,Mono.CompilerServices.SymbolWriter.CapturedVariable+CapturedKind)">
            <param name="name">To be added.</param>
            <param name="captured_name">To be added.</param>
            <param name="kind">To be added.</param>
            <summary>To be added.</summary>
            <remarks>To be added.</remarks>
        </member>
        <member name="F:Mono.CompilerServices.SymbolWriter.CapturedVariable.CapturedName">
            <summary>To be added.</summary>
            <remarks>To be added.</remarks>
        </member>
        <member name="F:Mono.CompilerServices.SymbolWriter.CapturedVariable.Kind">
            <summary>To be added.</summary>
            <remarks>To be added.</remarks>
        </member>
        <member name="F:Mono.CompilerServices.SymbolWriter.CapturedVariable.Name">
            <summary>To be added.</summary>
            <remarks>To be added.</remarks>
        </member>
        <member name="M:Mono.CompilerServices.SymbolWriter.CapturedVariable.ToString">
            <summary>To be added.</summary>
            <returns>To be added.</returns>
            <remarks>To be added.</remarks>
        </member>
        <member name="T:Mono.CompilerServices.SymbolWriter.CapturedVariable+CapturedKind">
            <summary>To be added.</summary>
            <remarks>To be added.</remarks>
        </member>
        <member name="F:Mono.CompilerServices.SymbolWriter.CapturedVariable+CapturedKind.Local">
            <summary>To be added.</summary>
        </member>
        <member name="F:Mono.CompilerServices.SymbolWriter.CapturedVariable+CapturedKind.Parameter">
            <summary>To be added.</summary>
        </member>
        <member name="F:Mono.CompilerServices.SymbolWriter.CapturedVariable+CapturedKind.This">
            <summary>To be added.</summary>
        </member>
        <member name="T:Mono.CompilerServices.SymbolWriter.CodeBlockEntry">
            <summary>To be added.</summary>
            <remarks>To be added.</remarks>
        </member>
        <member name="C:Mono.CompilerServices.SymbolWriter.CodeBlockEntry(System.Int32,System.Int32,Mono.CompilerServices.SymbolWriter.CodeBlockEntry+Type,System.Int32)">
            <param name="index">To be added.</param>
            <param name="parent">To be added.</param>
            <param name="type">To be added.</param>
            <param name="start_offset">To be added.</param>
            <summary>To be added.</summary>
            <remarks>To be added.</remarks>
        </member>
        <member name="F:Mono.CompilerServices.SymbolWriter.CodeBlockEntry.BlockType">
            <summary>To be added.</summary>
            <remarks>To be added.</remarks>
        </member>
        <member name="M:Mono.CompilerServices.SymbolWriter.CodeBlockEntry.Close(System.Int32)">
            <param name="end_offset">To be added.</param>
            <summary>To be added.</summary>
            <remarks>To be added.</remarks>
        </member>
        <member name="F:Mono.CompilerServices.SymbolWriter.CodeBlockEntry.EndOffset">
            <summary>To be added.</summary>
            <remarks>To be added.</remarks>
        </member>
        <member name="F:Mono.CompilerServices.SymbolWriter.CodeBlockEntry.Index">
            <summary>To be added.</summary>
            <remarks>To be added.</remarks>
        </member>
        <member name="F:Mono.CompilerServices.SymbolWriter.CodeBlockEntry.Parent">
            <summary>To be added.</summary>
            <remarks>To be added.</remarks>
        </member>
        <member name="F:Mono.CompilerServices.SymbolWriter.CodeBlockEntry.StartOffset">
            <summary>To be added.</summary>
            <remarks>To be added.</remarks>
        </member>
        <member name="M:Mono.CompilerServices.SymbolWriter.CodeBlockEntry.ToString">
            <summary>To be added.</summary>
            <returns>To be added.</returns>
            <remarks>To be added.</remarks>
        </member>
        <member name="T:Mono.CompilerServices.SymbolWriter.CodeBlockEntry+Type">
            <summary>To be added.</summary>
            <remarks>To be added.</remarks>
        </member>
        <member name="F:Mono.CompilerServices.SymbolWriter.CodeBlockEntry+Type.CompilerGenerated">
            <summary>To be added.</summary>
        </member>
        <member name="F:Mono.CompilerServices.SymbolWriter.CodeBlockEntry+Type.IteratorBody">
            <summary>To be added.</summary>
        </member>
        <member name="F:Mono.CompilerServices.SymbolWriter.CodeBlockEntry+Type.IteratorDispatcher">
            <summary>To be added.</summary>
        </member>
        <member name="F:Mono.CompilerServices.SymbolWriter.CodeBlockEntry+Type.Lexical">
            <summary>To be added.</summary>
        </member>
        <member name="T:Mono.CompilerServices.SymbolWriter.CompileUnitEntry">
            <summary>To be added.</summary>
            <remarks>To be added.</remarks>
        </member>
        <member name="C:Mono.CompilerServices.SymbolWriter.CompileUnitEntry(Mono.CompilerServices.SymbolWriter.MonoSymbolFile,Mono.CompilerServices.SymbolWriter.SourceFileEntry)">
            <param name="file">To be added.</param>
            <param name="source">To be added.</param>
            <summary>To be added.</summary>
            <remarks>To be added.</remarks>
        </member>
        <member name="M:Mono.CompilerServices.SymbolWriter.CompileUnitEntry.AddFile(Mono.CompilerServices.SymbolWriter.SourceFileEntry)">
            <param name="file">To be added.</param>
            <summary>To be added.</summary>
            <remarks>To be added.</remarks>
        </member>
        <member name="M:Mono.CompilerServices.SymbolWriter.CompileUnitEntry.DefineNamespace(System.String,System.String[],System.Int32)">
            <param name="name">To be added.</param>
            <param name="using_clauses">To be added.</param>
            <param name="parent">To be added.</param>
            <summary>To be added.</summary>
            <returns>To be added.</returns>
            <remarks>To be added.</remarks>
        </member>
        <member name="P:Mono.CompilerServices.SymbolWriter.CompileUnitEntry.IncludeFiles">
            <summary>To be added.</summary>
            <value>To be added.</value>
            <remarks>To be added.</remarks>
        </member>
        <member name="F:Mono.CompilerServices.SymbolWriter.CompileUnitEntry.Index">
            <summary>To be added.</summary>
            <remarks>To be added.</remarks>
        </member>
        <member name="P:Mono.CompilerServices.SymbolWriter.CompileUnitEntry.Mono#CompilerServices#SymbolWriter#ICompileUnit#Entry">
            <summary>To be added.</summary>
            <value>To be added.</value>
            <remarks>To be added.</remarks>
        </member>
        <member name="P:Mono.CompilerServices.SymbolWriter.CompileUnitEntry.Namespaces">
            <summary>To be added.</summary>
            <value>To be added.</value>
            <remarks>To be added.</remarks>
        </member>
        <member name="M:Mono.CompilerServices.SymbolWriter.CompileUnitEntry.ReadAll">
            <summary>To be added.</summary>
            <remarks>To be added.</remarks>
        </member>
        <member name="P:Mono.CompilerServices.SymbolWriter.CompileUnitEntry.Size">
            <summary>To be added.</summary>
            <value>To be added.</value>
            <remarks>To be added.</remarks>
        </member>
        <member name="P:Mono.CompilerServices.SymbolWriter.CompileUnitEntry.SourceFile">
            <summary>To be added.</summary>
            <value>To be added.</value>
            <remarks>To be added.</remarks>
        </member>
        <member name="T:Mono.CompilerServices.SymbolWriter.ICompileUnit">
            <summary>To be added.</summary>
            <remarks>To be added.</remarks>
        </member>
        <member name="P:Mono.CompilerServices.SymbolWriter.ICompileUnit.Entry">
            <summary>To be added.</summary>
            <value>To be added.</value>
            <remarks>To be added.</remarks>
        </member>
        <member name="T:Mono.CompilerServices.SymbolWriter.IMethodDef">
            <summary>To be added.</summary>
            <remarks>To be added.</remarks>
        </member>
        <member name="P:Mono.CompilerServices.SymbolWriter.IMethodDef.Name">
            <summary>To be added.</summary>
            <value>To be added.</value>
            <remarks>To be added.</remarks>
        </member>
        <member name="P:Mono.CompilerServices.SymbolWriter.IMethodDef.Token">
            <summary>To be added.</summary>
            <value>To be added.</value>
            <remarks>To be added.</remarks>
        </member>
        <member name="T:Mono.CompilerServices.SymbolWriter.ISourceFile">
            <summary>To be added.</summary>
            <remarks>To be added.</remarks>
        </member>
        <member name="P:Mono.CompilerServices.SymbolWriter.ISourceFile.Entry">
            <summary>To be added.</summary>
            <value>To be added.</value>
            <remarks>To be added.</remarks>
        </member>
        <member name="T:Mono.CompilerServices.SymbolWriter.LineNumberEntry">
            <summary>To be added.</summary>
            <remarks>To be added.</remarks>
        </member>
        <member name="C:Mono.CompilerServices.SymbolWriter.LineNumberEntry(System.Int32,System.Int32,System.Int32)">
            <param name="file">To be added.</param>
            <param name="row">To be added.</param>
            <param name="offset">To be added.</param>
            <summary>To be added.</summary>
            <remarks>To be added.</remarks>
        </member>
        <member name="C:Mono.CompilerServices.SymbolWriter.LineNumberEntry(System.Int32,System.Int32,System.Int32,System.Int32)">
            <param name="file">To be added.</param>
            <param name="row">To be added.</param>
            <param name="column">To be added.</param>
            <param name="offset">To be added.</param>
            <summary>To be added.</summary>
            <remarks>To be added.</remarks>
        </member>
        <member name="C:Mono.CompilerServices.SymbolWriter.LineNumberEntry(System.Int32,System.Int32,System.Int32,System.Int32,System.Boolean)">
            <param name="file">To be added.</param>
            <param name="row">To be added.</param>
            <param name="column">To be added.</param>
            <param name="offset">To be added.</param>
            <param name="is_hidden">To be added.</param>
            <summary>To be added.</summary>
            <remarks>To be added.</remarks>
        </member>
        <member name="C:Mono.CompilerServices.SymbolWriter.LineNumberEntry(System.Int32,System.Int32,System.Int32,System.Int32,System.Int32,System.Int32,System.Boolean)">
            <param name="file">To be added.</param>
            <param name="row">To be added.</param>
            <param name="column">To be added.</param>
            <param name="end_row">To be added.</param>
            <param name="end_column">To be added.</param>
            <param name="offset">To be added.</param>
            <param name="is_hidden">To be added.</param>
            <summary>To be added.</summary>
            <remarks>To be added.</remarks>
        </member>
        <member name="F:Mono.CompilerServices.SymbolWriter.LineNumberEntry.Column">
            <summary>To be added.</summary>
            <remarks>To be added.</remarks>
        </member>
        <member name="F:Mono.CompilerServices.SymbolWriter.LineNumberEntry.EndColumn">
            <summary>To be added.</summary>
            <remarks>To be added.</remarks>
        </member>
        <member name="F:Mono.CompilerServices.SymbolWriter.LineNumberEntry.EndRow">
            <summary>To be added.</summary>
            <remarks>To be added.</remarks>
        </member>
        <member name="F:Mono.CompilerServices.SymbolWriter.LineNumberEntry.File">
            <summary>To be added.</summary>
            <remarks>To be added.</remarks>
        </member>
        <member name="F:Mono.CompilerServices.SymbolWriter.LineNumberEntry.IsHidden">
            <summary>To be added.</summary>
            <remarks>To be added.</remarks>
        </member>
        <member name="F:Mono.CompilerServices.SymbolWriter.LineNumberEntry.Null">
            <summary>To be added.</summary>
            <remarks>To be added.</remarks>
        </member>
        <member name="F:Mono.CompilerServices.SymbolWriter.LineNumberEntry.Offset">
            <summary>To be added.</summary>
            <remarks>To be added.</remarks>
        </member>
        <member name="F:Mono.CompilerServices.SymbolWriter.LineNumberEntry.Row">
            <summary>To be added.</summary>
            <remarks>To be added.</remarks>
        </member>
        <member name="M:Mono.CompilerServices.SymbolWriter.LineNumberEntry.ToString">
            <summary>To be added.</summary>
            <returns>To be added.</returns>
            <remarks>To be added.</remarks>
        </member>
        <member name="T:Mono.CompilerServices.SymbolWriter.LineNumberEntry+LocationComparer">
            <summary>To be added.</summary>
            <remarks>To be added.</remarks>
        </member>
        <member name="C:Mono.CompilerServices.SymbolWriter.LineNumberEntry+LocationComparer">
            <summary>To be added.</summary>
            <remarks>To be added.</remarks>
        </member>
        <member name="M:Mono.CompilerServices.SymbolWriter.LineNumberEntry+LocationComparer.Compare(Mono.CompilerServices.SymbolWriter.LineNumberEntry,Mono.CompilerServices.SymbolWriter.LineNumberEntry)">
            <param name="l1">To be added.</param>
            <param name="l2">To be added.</param>
            <summary>To be added.</summary>
            <returns>To be added.</returns>
            <remarks>To be added.</remarks>
        </member>
        <member name="F:Mono.CompilerServices.SymbolWriter.LineNumberEntry+LocationComparer.Default">
            <summary>To be added.</summary>
            <remarks>To be added.</remarks>
        </member>
        <member name="T:Mono.CompilerServices.SymbolWriter.LineNumberTable">
            <summary>To be added.</summary>
            <remarks>To be added.</remarks>
        </member>
        <member name="C:Mono.CompilerServices.SymbolWriter.LineNumberTable(Mono.CompilerServices.SymbolWriter.MonoSymbolFile)">
            <param name="file">To be added.</param>
            <summary>To be added.</summary>
            <remarks>To be added.</remarks>
        </member>
        <member name="F:Mono.CompilerServices.SymbolWriter.LineNumberTable._line_numbers">
            <summary>To be added.</summary>
            <remarks>To be added.</remarks>
        </member>
        <member name="F:Mono.CompilerServices.SymbolWriter.LineNumberTable.Default_LineBase">
            <summary>To be added.</summary>
            <remarks>To be added.</remarks>
        </member>
        <member name="F:Mono.CompilerServices.SymbolWriter.LineNumberTable.Default_LineRange">
            <summary>To be added.</summary>
            <remarks>To be added.</remarks>
        </member>
        <member name="F:Mono.CompilerServices.SymbolWriter.LineNumberTable.Default_OpcodeBase">
            <summary>To be added.</summary>
            <remarks>To be added.</remarks>
        </member>
        <member name="F:Mono.CompilerServices.SymbolWriter.LineNumberTable.DW_LNE_end_sequence">
            <summary>To be added.</summary>
            <remarks>To be added.</remarks>
        </member>
        <member name="F:Mono.CompilerServices.SymbolWriter.LineNumberTable.DW_LNE_MONO_negate_is_hidden">
            <summary>To be added.</summary>
            <remarks>To be added.</remarks>
        </member>
        <member name="F:Mono.CompilerServices.SymbolWriter.LineNumberTable.DW_LNS_advance_line">
            <summary>To be added.</summary>
            <remarks>To be added.</remarks>
        </member>
        <member name="F:Mono.CompilerServices.SymbolWriter.LineNumberTable.DW_LNS_advance_pc">
            <summary>To be added.</summary>
            <remarks>To be added.</remarks>
        </member>
        <member name="F:Mono.CompilerServices.SymbolWriter.LineNumberTable.DW_LNS_const_add_pc">
            <summary>To be added.</summary>
            <remarks>To be added.</remarks>
        </member>
        <member name="F:Mono.CompilerServices.SymbolWriter.LineNumberTable.DW_LNS_copy">
            <summary>To be added.</summary>
            <remarks>To be added.</remarks>
        </member>
        <member name="F:Mono.CompilerServices.SymbolWriter.LineNumberTable.DW_LNS_set_file">
            <summary>To be added.</summary>
            <remarks>To be added.</remarks>
        </member>
        <member name="M:Mono.CompilerServices.SymbolWriter.LineNumberTable.GetMethodBounds(Mono.CompilerServices.SymbolWriter.LineNumberEntry@,Mono.CompilerServices.SymbolWriter.LineNumberEntry@)">
            <param name="start">To be added.</param>
            <param name="end">To be added.</param>
            <summary>To be added.</summary>
            <returns>To be added.</returns>
            <remarks>To be added.</remarks>
        </member>
        <member name="F:Mono.CompilerServices.SymbolWriter.LineNumberTable.LineBase">
            <summary>To be added.</summary>
            <remarks>To be added.</remarks>
        </member>
        <member name="P:Mono.CompilerServices.SymbolWriter.LineNumberTable.LineNumbers">
            <summary>To be added.</summary>
            <value>To be added.</value>
            <remarks>To be added.</remarks>
        </member>
        <member name="F:Mono.CompilerServices.SymbolWriter.LineNumberTable.LineRange">
            <summary>To be added.</summary>
            <remarks>To be added.</remarks>
        </member>
        <member name="F:Mono.CompilerServices.SymbolWriter.LineNumberTable.MaxAddressIncrement">
            <summary>To be added.</summary>
            <remarks>To be added.</remarks>
        </member>
        <member name="F:Mono.CompilerServices.SymbolWriter.LineNumberTable.OpcodeBase">
            <summary>To be added.</summary>
            <remarks>To be added.</remarks>
        </member>
        <member name="T:Mono.CompilerServices.SymbolWriter.LocalVariableEntry">
            <summary>To be added.</summary>
            <remarks>To be added.</remarks>
        </member>
        <member name="C:Mono.CompilerServices.SymbolWriter.LocalVariableEntry(System.Int32,System.String,System.Int32)">
            <param name="index">To be added.</param>
            <param name="name">To be added.</param>
            <param name="block">To be added.</param>
            <summary>To be added.</summary>
            <remarks>To be added.</remarks>
        </member>
        <member name="F:Mono.CompilerServices.SymbolWriter.LocalVariableEntry.BlockIndex">
            <summary>To be added.</summary>
            <remarks>To be added.</remarks>
        </member>
        <member name="F:Mono.CompilerServices.SymbolWriter.LocalVariableEntry.Index">
            <summary>To be added.</summary>
            <remarks>To be added.</remarks>
        </member>
        <member name="F:Mono.CompilerServices.SymbolWriter.LocalVariableEntry.Name">
            <summary>To be added.</summary>
            <remarks>To be added.</remarks>
        </member>
        <member name="M:Mono.CompilerServices.SymbolWriter.LocalVariableEntry.ToString">
            <summary>To be added.</summary>
            <returns>To be added.</returns>
            <remarks>To be added.</remarks>
        </member>
        <member name="T:Mono.CompilerServices.SymbolWriter.MethodEntry">
            <summary>To be added.</summary>
            <remarks>To be added.</remarks>
        </member>
        <member name="M:Mono.CompilerServices.SymbolWriter.MethodEntry.CompareTo(System.Object)">
            <param name="obj">To be added.</param>
            <summary>To be added.</summary>
            <returns>To be added.</returns>
            <remarks>To be added.</remarks>
        </member>
        <member name="F:Mono.CompilerServices.SymbolWriter.MethodEntry.CompileUnit">
            <summary>To be added.</summary>
            <remarks>To be added.</remarks>
        </member>
        <member name="F:Mono.CompilerServices.SymbolWriter.MethodEntry.CompileUnitIndex">
            <summary>To be added.</summary>
            <remarks>To be added.</remarks>
        </member>
        <member name="M:Mono.CompilerServices.SymbolWriter.MethodEntry.GetCodeBlocks">
            <summary>To be added.</summary>
            <returns>To be added.</returns>
            <remarks>To be added.</remarks>
        </member>
        <member name="M:Mono.CompilerServices.SymbolWriter.MethodEntry.GetLineNumberTable">
            <summary>To be added.</summary>
            <returns>To be added.</returns>
            <remarks>To be added.</remarks>
        </member>
        <member name="M:Mono.CompilerServices.SymbolWriter.MethodEntry.GetLocals">
            <summary>To be added.</summary>
            <returns>To be added.</returns>
            <remarks>To be added.</remarks>
        </member>
        <member name="M:Mono.CompilerServices.SymbolWriter.MethodEntry.GetRealName">
            <summary>To be added.</summary>
            <returns>To be added.</returns>
            <remarks>To be added.</remarks>
        </member>
        <member name="M:Mono.CompilerServices.SymbolWriter.MethodEntry.GetScopeVariables">
            <summary>To be added.</summary>
            <returns>To be added.</returns>
            <remarks>To be added.</remarks>
        </member>
        <member name="P:Mono.CompilerServices.SymbolWriter.MethodEntry.Index">
            <summary>To be added.</summary>
            <value>To be added.</value>
            <remarks>To be added.</remarks>
        </member>
        <member name="P:Mono.CompilerServices.SymbolWriter.MethodEntry.MethodFlags">
            <summary>To be added.</summary>
            <value>To be added.</value>
            <remarks>To be added.</remarks>
        </member>
        <member name="F:Mono.CompilerServices.SymbolWriter.MethodEntry.NamespaceID">
            <summary>To be added.</summary>
            <remarks>To be added.</remarks>
        </member>
        <member name="M:Mono.CompilerServices.SymbolWriter.MethodEntry.ReadAll">
            <summary>To be added.</summary>
            <remarks>To be added.</remarks>
        </member>
        <member name="F:Mono.CompilerServices.SymbolWriter.MethodEntry.Size">
            <summary>To be added.</summary>
            <remarks>To be added.</remarks>
        </member>
        <member name="F:Mono.CompilerServices.SymbolWriter.MethodEntry.SymbolFile">
            <summary>To be added.</summary>
            <remarks>To be added.</remarks>
        </member>
        <member name="F:Mono.CompilerServices.SymbolWriter.MethodEntry.Token">
            <summary>To be added.</summary>
            <remarks>To be added.</remarks>
        </member>
        <member name="M:Mono.CompilerServices.SymbolWriter.MethodEntry.ToString">
            <summary>To be added.</summary>
            <returns>To be added.</returns>
            <remarks>To be added.</remarks>
        </member>
        <member name="T:Mono.CompilerServices.SymbolWriter.MethodEntry+Flags">
            <summary>To be added.</summary>
            <remarks>To be added.</remarks>
        </member>
        <member name="F:Mono.CompilerServices.SymbolWriter.MethodEntry+Flags.ColumnsInfoIncluded">
            <summary>To be added.</summary>
        </member>
        <member name="F:Mono.CompilerServices.SymbolWriter.MethodEntry+Flags.EndInfoIncluded">
            <summary>To be added.</summary>
        </member>
        <member name="F:Mono.CompilerServices.SymbolWriter.MethodEntry+Flags.LocalNamesAmbiguous">
            <summary>To be added.</summary>
        </member>
        <member name="T:Mono.CompilerServices.SymbolWriter.MonoSymbolFile">
            <summary>To be added.</summary>
            <remarks>To be added.</remarks>
        </member>
        <member name="C:Mono.CompilerServices.SymbolWriter.MonoSymbolFile">
            <summary>To be added.</summary>
            <remarks>To be added.</remarks>
        </member>
        <member name="M:Mono.CompilerServices.SymbolWriter.MonoSymbolFile.AddCompileUnit(Mono.CompilerServices.SymbolWriter.CompileUnitEntry)">
            <param name="entry">To be added.</param>
            <summary>To be added.</summary>
            <returns>To be added.</returns>
            <remarks>To be added.</remarks>
        </member>
        <member name="M:Mono.CompilerServices.SymbolWriter.MonoSymbolFile.AddMethod(Mono.CompilerServices.SymbolWriter.MethodEntry)">
            <param name="entry">To be added.</param>
            <summary>To be added.</summary>
            <remarks>To be added.</remarks>
        </member>
        <member name="M:Mono.CompilerServices.SymbolWriter.MonoSymbolFile.AddSource(Mono.CompilerServices.SymbolWriter.SourceFileEntry)">
            <param name="source">To be added.</param>
            <summary>To be added.</summary>
            <returns>To be added.</returns>
            <remarks>To be added.</remarks>
        </member>
        <member name="P:Mono.CompilerServices.SymbolWriter.MonoSymbolFile.AnonymousScopeCount">
            <summary>To be added.</summary>
            <value>To be added.</value>
            <remarks>To be added.</remarks>
        </member>
        <member name="P:Mono.CompilerServices.SymbolWriter.MonoSymbolFile.CompileUnitCount">
            <summary>To be added.</summary>
            <value>To be added.</value>
            <remarks>To be added.</remarks>
        </member>
        <member name="P:Mono.CompilerServices.SymbolWriter.MonoSymbolFile.CompileUnits">
            <summary>To be added.</summary>
            <value>To be added.</value>
            <remarks>To be added.</remarks>
        </member>
        <member name="M:Mono.CompilerServices.SymbolWriter.MonoSymbolFile.CreateSymbolFile(System.Guid,System.IO.FileStream)">
            <param name="guid">To be added.</param>
            <param name="fs">To be added.</param>
            <summary>To be added.</summary>
            <remarks>To be added.</remarks>
        </member>
        <member name="M:Mono.CompilerServices.SymbolWriter.MonoSymbolFile.DefineMethod(Mono.CompilerServices.SymbolWriter.CompileUnitEntry,System.Int32,Mono.CompilerServices.SymbolWriter.ScopeVariable[],Mono.CompilerServices.SymbolWriter.LocalVariableEntry[],Mono.CompilerServices.SymbolWriter.LineNumberEntry[],Mono.CompilerServices.SymbolWriter.CodeBlockEntry[],System.String,Mono.CompilerServices.SymbolWriter.MethodEntry+Flags,System.Int32)">
            <param name="comp_unit">To be added.</param>
            <param name="token">To be added.</param>
            <param name="scope_vars">To be added.</param>
            <param name="locals">To be added.</param>
            <param name="lines">To be added.</param>
            <param name="code_blocks">To be added.</param>
            <param name="real_name">To be added.</param>
            <param name="flags">To be added.</param>
            <param name="namespace_id">To be added.</param>
            <summary>To be added.</summary>
            <returns>To be added.</returns>
            <remarks>To be added.</remarks>
        </member>
        <member name="M:Mono.CompilerServices.SymbolWriter.MonoSymbolFile.Dispose">
            <summary>To be added.</summary>
            <remarks>To be added.</remarks>
        </member>
        <member name="M:Mono.CompilerServices.SymbolWriter.MonoSymbolFile.Dispose(System.Boolean)">
            <param name="disposing">To be added.</param>
            <summary>To be added.</summary>
            <remarks>To be added.</remarks>
        </member>
        <member name="M:Mono.CompilerServices.SymbolWriter.MonoSymbolFile.FindSource(System.String)">
            <param name="file_name">To be added.</param>
            <summary>To be added.</summary>
            <returns>To be added.</returns>
            <remarks>To be added.</remarks>
        </member>
        <member name="M:Mono.CompilerServices.SymbolWriter.MonoSymbolFile.GetAnonymousScope(System.Int32)">
            <param name="id">To be added.</param>
            <summary>To be added.</summary>
            <returns>To be added.</returns>
            <remarks>To be added.</remarks>
        </member>
        <member name="M:Mono.CompilerServices.SymbolWriter.MonoSymbolFile.GetCompileUnit(System.Int32)">
            <param name="index">To be added.</param>
            <summary>To be added.</summary>
            <returns>To be added.</returns>
            <remarks>To be added.</remarks>
        </member>
        <member name="M:Mono.CompilerServices.SymbolWriter.MonoSymbolFile.GetMethod(System.Int32)">
            <param name="index">To be added.</param>
            <summary>To be added.</summary>
            <returns>To be added.</returns>
            <remarks>To be added.</remarks>
        </member>
        <member name="M:Mono.CompilerServices.SymbolWriter.MonoSymbolFile.GetMethodByToken(System.Int32)">
            <param name="token">To be added.</param>
            <summary>To be added.</summary>
            <returns>To be added.</returns>
            <remarks>To be added.</remarks>
        </member>
        <member name="M:Mono.CompilerServices.SymbolWriter.MonoSymbolFile.GetSourceFile(System.Int32)">
            <param name="index">To be added.</param>
            <summary>To be added.</summary>
            <returns>To be added.</returns>
            <remarks>To be added.</remarks>
        </member>
        <member name="P:Mono.CompilerServices.SymbolWriter.MonoSymbolFile.Guid">
            <summary>To be added.</summary>
            <value>To be added.</value>
            <remarks>To be added.</remarks>
        </member>
        <member name="F:Mono.CompilerServices.SymbolWriter.MonoSymbolFile.MajorVersion">
            <summary>To be added.</summary>
            <remarks>To be added.</remarks>
        </member>
        <member name="P:Mono.CompilerServices.SymbolWriter.MonoSymbolFile.MethodCount">
            <summary>To be added.</summary>
            <value>To be added.</value>
            <remarks>To be added.</remarks>
        </member>
        <member name="P:Mono.CompilerServices.SymbolWriter.MonoSymbolFile.Methods">
            <summary>To be added.</summary>
            <value>To be added.</value>
            <remarks>To be added.</remarks>
        </member>
        <member name="F:Mono.CompilerServices.SymbolWriter.MonoSymbolFile.MinorVersion">
            <summary>To be added.</summary>
            <remarks>To be added.</remarks>
        </member>
        <member name="P:Mono.CompilerServices.SymbolWriter.MonoSymbolFile.NamespaceCount">
            <summary>To be added.</summary>
            <value>To be added.</value>
            <remarks>To be added.</remarks>
        </member>
        <member name="F:Mono.CompilerServices.SymbolWriter.MonoSymbolFile.NumLineNumbers">
            <summary>To be added.</summary>
            <remarks>To be added.</remarks>
        </member>
        <member name="P:Mono.CompilerServices.SymbolWriter.MonoSymbolFile.OffsetTable">
            <summary>To be added.</summary>
            <value>To be added.</value>
            <remarks>To be added.</remarks>
        </member>
        <member name="M:Mono.CompilerServices.SymbolWriter.MonoSymbolFile.ReadSymbolFile(System.IO.Stream)">
            <param name="stream">To be added.</param>
            <summary>To be added.</summary>
            <returns>To be added.</returns>
            <remarks>To be added.</remarks>
        </member>
        <member name="M:Mono.CompilerServices.SymbolWriter.MonoSymbolFile.ReadSymbolFile(System.Reflection.Assembly)">
            <param name="assembly">To be added.</param>
            <summary>To be added.</summary>
            <returns>To be added.</returns>
            <remarks>To be added.</remarks>
        </member>
        <member name="M:Mono.CompilerServices.SymbolWriter.MonoSymbolFile.ReadSymbolFile(System.String)">
            <param name="mdbFilename">To be added.</param>
            <summary>To be added.</summary>
            <returns>To be added.</returns>
            <remarks>To be added.</remarks>
        </member>
        <member name="M:Mono.CompilerServices.SymbolWriter.MonoSymbolFile.ReadSymbolFile(System.String,System.Guid)">
            <param name="mdbFilename">To be added.</param>
            <param name="assemblyGuid">To be added.</param>
            <summary>To be added.</summary>
            <returns>To be added.</returns>
            <remarks>To be added.</remarks>
        </member>
        <member name="P:Mono.CompilerServices.SymbolWriter.MonoSymbolFile.SourceCount">
            <summary>To be added.</summary>
            <value>To be added.</value>
            <remarks>To be added.</remarks>
        </member>
        <member name="P:Mono.CompilerServices.SymbolWriter.MonoSymbolFile.Sources">
            <summary>To be added.</summary>
            <value>To be added.</value>
            <remarks>To be added.</remarks>
        </member>
        <member name="P:Mono.CompilerServices.SymbolWriter.MonoSymbolFile.TypeCount">
            <summary>To be added.</summary>
            <value>To be added.</value>
            <remarks>To be added.</remarks>
        </member>
        <member name="T:Mono.CompilerServices.SymbolWriter.MonoSymbolFileException">
            <summary>To be added.</summary>
            <remarks>To be added.</remarks>
        </member>
        <member name="C:Mono.CompilerServices.SymbolWriter.MonoSymbolFileException">
            <summary>To be added.</summary>
            <remarks>To be added.</remarks>
        </member>
        <member name="C:Mono.CompilerServices.SymbolWriter.MonoSymbolFileException(System.String,System.Exception)">
            <param name="message">To be added.</param>
            <param name="innerException">To be added.</param>
            <summary>To be added.</summary>
            <remarks>To be added.</remarks>
        </member>
        <member name="C:Mono.CompilerServices.SymbolWriter.MonoSymbolFileException(System.String,System.Object[])">
            <param name="message">To be added.</param>
            <param name="args">To be added.</param>
            <summary>To be added.</summary>
            <remarks>To be added.</remarks>
        </member>
        <member name="T:Mono.CompilerServices.SymbolWriter.MonoSymbolWriter">
            <summary>To be added.</summary>
            <remarks>To be added.</remarks>
        </member>
        <member name="C:Mono.CompilerServices.SymbolWriter.MonoSymbolWriter(System.String)">
            <param name="filename">To be added.</param>
            <summary>To be added.</summary>
            <remarks>To be added.</remarks>
        </member>
        <member name="M:Mono.CompilerServices.SymbolWriter.MonoSymbolWriter.CloseCompilerGeneratedBlock(System.Int32)">
            <param name="end_offset">To be added.</param>
            <summary>To be added.</summary>
            <remarks>To be added.</remarks>
        </member>
        <member name="M:Mono.CompilerServices.SymbolWriter.MonoSymbolWriter.CloseMethod">
            <summary>To be added.</summary>
            <remarks>To be added.</remarks>
        </member>
        <member name="M:Mono.CompilerServices.SymbolWriter.MonoSymbolWriter.CloseNamespace">
            <summary>To be added.</summary>
            <remarks>To be added.</remarks>
        </member>
        <member name="M:Mono.CompilerServices.SymbolWriter.MonoSymbolWriter.CloseScope(System.Int32)">
            <param name="end_offset">To be added.</param>
            <summary>To be added.</summary>
            <remarks>To be added.</remarks>
        </member>
        <member name="M:Mono.CompilerServices.SymbolWriter.MonoSymbolWriter.DefineAnonymousScope(System.Int32)">
            <param name="id">To be added.</param>
            <summary>To be added.</summary>
            <remarks>To be added.</remarks>
        </member>
        <member name="M:Mono.CompilerServices.SymbolWriter.MonoSymbolWriter.DefineCapturedLocal(System.Int32,System.String,System.String)">
            <param name="scope_id">To be added.</param>
            <param name="name">To be added.</param>
            <param name="captured_name">To be added.</param>
            <summary>To be added.</summary>
            <remarks>To be added.</remarks>
        </member>
        <member name="M:Mono.CompilerServices.SymbolWriter.MonoSymbolWriter.DefineCapturedParameter(System.Int32,System.String,System.String)">
            <param name="scope_id">To be added.</param>
            <param name="name">To be added.</param>
            <param name="captured_name">To be added.</param>
            <summary>To be added.</summary>
            <remarks>To be added.</remarks>
        </member>
        <member name="M:Mono.CompilerServices.SymbolWriter.MonoSymbolWriter.DefineCapturedScope(System.Int32,System.Int32,System.String)">
            <param name="scope_id">To be added.</param>
            <param name="id">To be added.</param>
            <param name="captured_name">To be added.</param>
            <summary>To be added.</summary>
            <remarks>To be added.</remarks>
        </member>
        <member name="M:Mono.CompilerServices.SymbolWriter.MonoSymbolWriter.DefineCapturedThis(System.Int32,System.String)">
            <param name="scope_id">To be added.</param>
            <param name="captured_name">To be added.</param>
            <summary>To be added.</summary>
            <remarks>To be added.</remarks>
        </member>
        <member name="M:Mono.CompilerServices.SymbolWriter.MonoSymbolWriter.DefineCompilationUnit(Mono.CompilerServices.SymbolWriter.SourceFileEntry)">
            <param name="source">To be added.</param>
            <summary>To be added.</summary>
            <returns>To be added.</returns>
            <remarks>To be added.</remarks>
        </member>
        <member name="M:Mono.CompilerServices.SymbolWriter.MonoSymbolWriter.DefineDocument(System.String)">
            <param name="url">To be added.</param>
            <summary>To be added.</summary>
            <returns>To be added.</returns>
            <remarks>To be added.</remarks>
        </member>
        <member name="M:Mono.CompilerServices.SymbolWriter.MonoSymbolWriter.DefineDocument(System.String,System.Byte[],System.Byte[])">
            <param name="url">To be added.</param>
            <param name="guid">To be added.</param>
            <param name="checksum">To be added.</param>
            <summary>To be added.</summary>
            <returns>To be added.</returns>
            <remarks>To be added.</remarks>
        </member>
        <member name="M:Mono.CompilerServices.SymbolWriter.MonoSymbolWriter.DefineLocalVariable(System.Int32,System.String)">
            <param name="index">To be added.</param>
            <param name="name">To be added.</param>
            <summary>To be added.</summary>
            <remarks>To be added.</remarks>
        </member>
        <member name="M:Mono.CompilerServices.SymbolWriter.MonoSymbolWriter.DefineNamespace(System.String,Mono.CompilerServices.SymbolWriter.CompileUnitEntry,System.String[],System.Int32)">
            <param name="name">To be added.</param>
            <param name="unit">To be added.</param>
            <param name="using_clauses">To be added.</param>
            <param name="parent">To be added.</param>
            <summary>To be added.</summary>
            <returns>To be added.</returns>
            <remarks>To be added.</remarks>
        </member>
        <member name="M:Mono.CompilerServices.SymbolWriter.MonoSymbolWriter.DefineScopeVariable(System.Int32,System.Int32)">
            <param name="scope">To be added.</param>
            <param name="index">To be added.</param>
            <summary>To be added.</summary>
            <remarks>To be added.</remarks>
        </member>
        <member name="M:Mono.CompilerServices.SymbolWriter.MonoSymbolWriter.EndIteratorBody(System.Int32)">
            <param name="end_offset">To be added.</param>
            <summary>To be added.</summary>
            <remarks>To be added.</remarks>
        </member>
        <member name="M:Mono.CompilerServices.SymbolWriter.MonoSymbolWriter.EndIteratorDispatcher(System.Int32)">
            <param name="end_offset">To be added.</param>
            <summary>To be added.</summary>
            <remarks>To be added.</remarks>
        </member>
        <member name="F:Mono.CompilerServices.SymbolWriter.MonoSymbolWriter.file">
            <summary>To be added.</summary>
            <remarks>To be added.</remarks>
        </member>
        <member name="M:Mono.CompilerServices.SymbolWriter.MonoSymbolWriter.MarkSequencePoint(System.Int32,Mono.CompilerServices.SymbolWriter.SourceFileEntry,System.Int32,System.Int32,System.Boolean)">
            <param name="offset">To be added.</param>
            <param name="file">To be added.</param>
            <param name="line">To be added.</param>
            <param name="column">To be added.</param>
            <param name="is_hidden">To be added.</param>
            <summary>To be added.</summary>
            <remarks>To be added.</remarks>
        </member>
        <member name="M:Mono.CompilerServices.SymbolWriter.MonoSymbolWriter.OpenCompilerGeneratedBlock(System.Int32)">
            <param name="start_offset">To be added.</param>
            <summary>To be added.</summary>
            <remarks>To be added.</remarks>
        </member>
        <member name="M:Mono.CompilerServices.SymbolWriter.MonoSymbolWriter.OpenMethod(Mono.CompilerServices.SymbolWriter.ICompileUnit,System.Int32,Mono.CompilerServices.SymbolWriter.IMethodDef)">
            <param name="file">To be added.</param>
            <param name="ns_id">To be added.</param>
            <param name="method">To be added.</param>
            <summary>To be added.</summary>
            <returns>To be added.</returns>
            <remarks>To be added.</remarks>
        </member>
        <member name="M:Mono.CompilerServices.SymbolWriter.MonoSymbolWriter.OpenScope(System.Int32)">
            <param name="start_offset">To be added.</param>
            <summary>To be added.</summary>
            <returns>To be added.</returns>
            <remarks>To be added.</remarks>
        </member>
        <member name="M:Mono.CompilerServices.SymbolWriter.MonoSymbolWriter.StartIteratorBody(System.Int32)">
            <param name="start_offset">To be added.</param>
            <summary>To be added.</summary>
            <remarks>To be added.</remarks>
        </member>
        <member name="M:Mono.CompilerServices.SymbolWriter.MonoSymbolWriter.StartIteratorDispatcher(System.Int32)">
            <param name="start_offset">To be added.</param>
            <summary>To be added.</summary>
            <remarks>To be added.</remarks>
        </member>
        <member name="P:Mono.CompilerServices.SymbolWriter.MonoSymbolWriter.SymbolFile">
            <summary>To be added.</summary>
            <value>To be added.</value>
            <remarks>To be added.</remarks>
        </member>
        <member name="M:Mono.CompilerServices.SymbolWriter.MonoSymbolWriter.WriteSymbolFile(System.Guid)">
            <param name="guid">To be added.</param>
            <summary>To be added.</summary>
            <remarks>To be added.</remarks>
        </member>
        <member name="T:Mono.CompilerServices.SymbolWriter.NamespaceEntry">
            <summary>To be added.</summary>
            <remarks>To be added.</remarks>
        </member>
        <member name="C:Mono.CompilerServices.SymbolWriter.NamespaceEntry(System.String,System.Int32,System.String[],System.Int32)">
            <param name="name">To be added.</param>
            <param name="index">To be added.</param>
            <param name="using_clauses">To be added.</param>
            <param name="parent">To be added.</param>
            <summary>To be added.</summary>
            <remarks>To be added.</remarks>
        </member>
        <member name="F:Mono.CompilerServices.SymbolWriter.NamespaceEntry.Index">
            <summary>To be added.</summary>
            <remarks>To be added.</remarks>
        </member>
        <member name="F:Mono.CompilerServices.SymbolWriter.NamespaceEntry.Name">
            <summary>To be added.</summary>
            <remarks>To be added.</remarks>
        </member>
        <member name="F:Mono.CompilerServices.SymbolWriter.NamespaceEntry.Parent">
            <summary>To be added.</summary>
            <remarks>To be added.</remarks>
        </member>
        <member name="M:Mono.CompilerServices.SymbolWriter.NamespaceEntry.ToString">
            <summary>To be added.</summary>
            <returns>To be added.</returns>
            <remarks>To be added.</remarks>
        </member>
        <member name="F:Mono.CompilerServices.SymbolWriter.NamespaceEntry.UsingClauses">
            <summary>To be added.</summary>
            <remarks>To be added.</remarks>
        </member>
        <member name="T:Mono.CompilerServices.SymbolWriter.OffsetTable">
            <summary>To be added.</summary>
            <remarks>To be added.</remarks>
        </member>
        <member name="F:Mono.CompilerServices.SymbolWriter.OffsetTable.AnonymousScopeCount">
            <summary>To be added.</summary>
            <remarks>To be added.</remarks>
        </member>
        <member name="F:Mono.CompilerServices.SymbolWriter.OffsetTable.AnonymousScopeTableOffset">
            <summary>To be added.</summary>
            <remarks>To be added.</remarks>
        </member>
        <member name="F:Mono.CompilerServices.SymbolWriter.OffsetTable.AnonymousScopeTableSize">
            <summary>To be added.</summary>
            <remarks>To be added.</remarks>
        </member>
        <member name="F:Mono.CompilerServices.SymbolWriter.OffsetTable.CompileUnitCount">
            <summary>To be added.</summary>
            <remarks>To be added.</remarks>
        </member>
        <member name="F:Mono.CompilerServices.SymbolWriter.OffsetTable.CompileUnitTableOffset">
            <summary>To be added.</summary>
            <remarks>To be added.</remarks>
        </member>
        <member name="F:Mono.CompilerServices.SymbolWriter.OffsetTable.CompileUnitTableSize">
            <summary>To be added.</summary>
            <remarks>To be added.</remarks>
        </member>
        <member name="F:Mono.CompilerServices.SymbolWriter.OffsetTable.DataSectionOffset">
            <summary>To be added.</summary>
            <remarks>To be added.</remarks>
        </member>
        <member name="F:Mono.CompilerServices.SymbolWriter.OffsetTable.DataSectionSize">
            <summary>To be added.</summary>
            <remarks>To be added.</remarks>
        </member>
        <member name="F:Mono.CompilerServices.SymbolWriter.OffsetTable.FileFlags">
            <summary>To be added.</summary>
            <remarks>To be added.</remarks>
        </member>
        <member name="F:Mono.CompilerServices.SymbolWriter.OffsetTable.LineNumberTable_LineBase">
            <summary>To be added.</summary>
            <remarks>To be added.</remarks>
        </member>
        <member name="F:Mono.CompilerServices.SymbolWriter.OffsetTable.LineNumberTable_LineRange">
            <summary>To be added.</summary>
            <remarks>To be added.</remarks>
        </member>
        <member name="F:Mono.CompilerServices.SymbolWriter.OffsetTable.LineNumberTable_OpcodeBase">
            <summary>To be added.</summary>
            <remarks>To be added.</remarks>
        </member>
        <member name="F:Mono.CompilerServices.SymbolWriter.OffsetTable.Magic">
            <summary>To be added.</summary>
            <remarks>To be added.</remarks>
        </member>
        <member name="F:Mono.CompilerServices.SymbolWriter.OffsetTable.MajorVersion">
            <summary>To be added.</summary>
            <remarks>To be added.</remarks>
        </member>
        <member name="F:Mono.CompilerServices.SymbolWriter.OffsetTable.MethodCount">
            <summary>To be added.</summary>
            <remarks>To be added.</remarks>
        </member>
        <member name="F:Mono.CompilerServices.SymbolWriter.OffsetTable.MethodTableOffset">
            <summary>To be added.</summary>
            <remarks>To be added.</remarks>
        </member>
        <member name="F:Mono.CompilerServices.SymbolWriter.OffsetTable.MethodTableSize">
            <summary>To be added.</summary>
            <remarks>To be added.</remarks>
        </member>
        <member name="F:Mono.CompilerServices.SymbolWriter.OffsetTable.MinorVersion">
            <summary>To be added.</summary>
            <remarks>To be added.</remarks>
        </member>
        <member name="F:Mono.CompilerServices.SymbolWriter.OffsetTable.SourceCount">
            <summary>To be added.</summary>
            <remarks>To be added.</remarks>
        </member>
        <member name="F:Mono.CompilerServices.SymbolWriter.OffsetTable.SourceTableOffset">
            <summary>To be added.</summary>
            <remarks>To be added.</remarks>
        </member>
        <member name="F:Mono.CompilerServices.SymbolWriter.OffsetTable.SourceTableSize">
            <summary>To be added.</summary>
            <remarks>To be added.</remarks>
        </member>
        <member name="M:Mono.CompilerServices.SymbolWriter.OffsetTable.ToString">
            <summary>To be added.</summary>
            <returns>To be added.</returns>
            <remarks>To be added.</remarks>
        </member>
        <member name="F:Mono.CompilerServices.SymbolWriter.OffsetTable.TotalFileSize">
            <summary>To be added.</summary>
            <remarks>To be added.</remarks>
        </member>
        <member name="F:Mono.CompilerServices.SymbolWriter.OffsetTable.TypeCount">
            <summary>To be added.</summary>
            <remarks>To be added.</remarks>
        </member>
        <member name="T:Mono.CompilerServices.SymbolWriter.OffsetTable+Flags">
            <summary>To be added.</summary>
            <remarks>To be added.</remarks>
        </member>
        <member name="F:Mono.CompilerServices.SymbolWriter.OffsetTable+Flags.IsAspxSource">
            <summary>To be added.</summary>
        </member>
        <member name="F:Mono.CompilerServices.SymbolWriter.OffsetTable+Flags.WindowsFileNames">
            <summary>To be added.</summary>
        </member>
        <member name="T:Mono.CompilerServices.SymbolWriter.ScopeVariable">
            <summary>To be added.</summary>
            <remarks>To be added.</remarks>
        </member>
        <member name="C:Mono.CompilerServices.SymbolWriter.ScopeVariable(System.Int32,System.Int32)">
            <param name="scope">To be added.</param>
            <param name="index">To be added.</param>
            <summary>To be added.</summary>
            <remarks>To be added.</remarks>
        </member>
        <member name="F:Mono.CompilerServices.SymbolWriter.ScopeVariable.Index">
            <summary>To be added.</summary>
            <remarks>To be added.</remarks>
        </member>
        <member name="F:Mono.CompilerServices.SymbolWriter.ScopeVariable.Scope">
            <summary>To be added.</summary>
            <remarks>To be added.</remarks>
        </member>
        <member name="M:Mono.CompilerServices.SymbolWriter.ScopeVariable.ToString">
            <summary>To be added.</summary>
            <returns>To be added.</returns>
            <remarks>To be added.</remarks>
        </member>
        <member name="T:Mono.CompilerServices.SymbolWriter.SourceFileEntry">
            <summary>To be added.</summary>
            <remarks>To be added.</remarks>
        </member>
        <member name="C:Mono.CompilerServices.SymbolWriter.SourceFileEntry(Mono.CompilerServices.SymbolWriter.MonoSymbolFile,System.String)">
            <param name="file">To be added.</param>
            <param name="file_name">To be added.</param>
            <summary>To be added.</summary>
            <remarks>To be added.</remarks>
        </member>
        <member name="C:Mono.CompilerServices.SymbolWriter.SourceFileEntry(Mono.CompilerServices.SymbolWriter.MonoSymbolFile,System.String,System.Byte[],System.Byte[])">
            <param name="file">To be added.</param>
            <param name="sourceFile">To be added.</param>
            <param name="guid">To be added.</param>
            <param name="checksum">To be added.</param>
            <summary>To be added.</summary>
            <remarks>To be added.</remarks>
        </member>
        <member name="C:Mono.CompilerServices.SymbolWriter.SourceFileEntry(Mono.CompilerServices.SymbolWriter.MonoSymbolFile,System.String,System.String,System.Byte[],System.Byte[])">
            <param name="file">To be added.</param>
            <param name="fileName">To be added.</param>
            <param name="sourceFile">To be added.</param>
            <param name="guid">To be added.</param>
            <param name="checksum">To be added.</param>
            <summary>To be added.</summary>
            <remarks>To be added.</remarks>
        </member>
        <member name="P:Mono.CompilerServices.SymbolWriter.SourceFileEntry.AutoGenerated">
            <summary>To be added.</summary>
            <value>To be added.</value>
            <remarks>To be added.</remarks>
        </member>
        <member name="M:Mono.CompilerServices.SymbolWriter.SourceFileEntry.CheckChecksum">
            <summary>To be added.</summary>
            <returns>To be added.</returns>
            <remarks>To be added.</remarks>
        </member>
        <member name="P:Mono.CompilerServices.SymbolWriter.SourceFileEntry.Checksum">
            <summary>To be added.</summary>
            <value>To be added.</value>
            <remarks>To be added.</remarks>
        </member>
        <member name="P:Mono.CompilerServices.SymbolWriter.SourceFileEntry.FileName">
            <summary>To be added.</summary>
            <value>To be added.</value>
            <remarks>To be added.</remarks>
        </member>
        <member name="F:Mono.CompilerServices.SymbolWriter.SourceFileEntry.Index">
            <summary>To be added.</summary>
            <remarks>To be added.</remarks>
        </member>
        <member name="M:Mono.CompilerServices.SymbolWriter.SourceFileEntry.SetAutoGenerated">
            <summary>To be added.</summary>
            <remarks>To be added.</remarks>
        </member>
        <member name="P:Mono.CompilerServices.SymbolWriter.SourceFileEntry.Size">
            <summary>To be added.</summary>
            <value>To be added.</value>
            <remarks>To be added.</remarks>
        </member>
        <member name="M:Mono.CompilerServices.SymbolWriter.SourceFileEntry.ToString">
            <summary>To be added.</summary>
            <returns>To be added.</returns>
            <remarks>To be added.</remarks>
        </member>
        <member name="T:Mono.CompilerServices.SymbolWriter.SourceMethodBuilder">
            <summary>To be added.</summary>
            <remarks>To be added.</remarks>
        </member>
        <member name="C:Mono.CompilerServices.SymbolWriter.SourceMethodBuilder(Mono.CompilerServices.SymbolWriter.ICompileUnit)">
            <param name="comp_unit">To be added.</param>
            <summary>To be added.</summary>
            <remarks>To be added.</remarks>
        </member>
        <member name="C:Mono.CompilerServices.SymbolWriter.SourceMethodBuilder(Mono.CompilerServices.SymbolWriter.ICompileUnit,System.Int32,Mono.CompilerServices.SymbolWriter.IMethodDef)">
            <param name="comp_unit">To be added.</param>
            <param name="ns_id">To be added.</param>
            <param name="method">To be added.</param>
            <summary>To be added.</summary>
            <remarks>To be added.</remarks>
        </member>
        <member name="M:Mono.CompilerServices.SymbolWriter.SourceMethodBuilder.AddLocal(System.Int32,System.String)">
            <param name="index">To be added.</param>
            <param name="name">To be added.</param>
            <summary>To be added.</summary>
            <remarks>To be added.</remarks>
        </member>
        <member name="M:Mono.CompilerServices.SymbolWriter.SourceMethodBuilder.AddScopeVariable(System.Int32,System.Int32)">
            <param name="scope">To be added.</param>
            <param name="index">To be added.</param>
            <summary>To be added.</summary>
            <remarks>To be added.</remarks>
        </member>
        <member name="P:Mono.CompilerServices.SymbolWriter.SourceMethodBuilder.Blocks">
            <summary>To be added.</summary>
            <value>To be added.</value>
            <remarks>To be added.</remarks>
        </member>
        <member name="P:Mono.CompilerServices.SymbolWriter.SourceMethodBuilder.CurrentBlock">
            <summary>To be added.</summary>
            <value>To be added.</value>
            <remarks>To be added.</remarks>
        </member>
        <member name="M:Mono.CompilerServices.SymbolWriter.SourceMethodBuilder.DefineMethod(Mono.CompilerServices.SymbolWriter.MonoSymbolFile)">
            <param name="file">To be added.</param>
            <summary>To be added.</summary>
            <remarks>To be added.</remarks>
        </member>
        <member name="M:Mono.CompilerServices.SymbolWriter.SourceMethodBuilder.DefineMethod(Mono.CompilerServices.SymbolWriter.MonoSymbolFile,System.Int32)">
            <param name="file">To be added.</param>
            <param name="token">To be added.</param>
            <summary>To be added.</summary>
            <remarks>To be added.</remarks>
        </member>
        <member name="M:Mono.CompilerServices.SymbolWriter.SourceMethodBuilder.EndBlock(System.Int32)">
            <param name="end_offset">To be added.</param>
            <summary>To be added.</summary>
            <remarks>To be added.</remarks>
        </member>
        <member name="P:Mono.CompilerServices.SymbolWriter.SourceMethodBuilder.Locals">
            <summary>To be added.</summary>
            <value>To be added.</value>
            <remarks>To be added.</remarks>
        </member>
        <member name="M:Mono.CompilerServices.SymbolWriter.SourceMethodBuilder.MarkSequencePoint(System.Int32,Mono.CompilerServices.SymbolWriter.SourceFileEntry,System.Int32,System.Int32,System.Boolean)">
            <param name="offset">To be added.</param>
            <param name="file">To be added.</param>
            <param name="line">To be added.</param>
            <param name="column">To be added.</param>
            <param name="is_hidden">To be added.</param>
            <summary>To be added.</summary>
            <remarks>To be added.</remarks>
        </member>
        <member name="M:Mono.CompilerServices.SymbolWriter.SourceMethodBuilder.MarkSequencePoint(System.Int32,Mono.CompilerServices.SymbolWriter.SourceFileEntry,System.Int32,System.Int32,System.Int32,System.Int32,System.Boolean)">
            <param name="offset">To be added.</param>
            <param name="file">To be added.</param>
            <param name="line">To be added.</param>
            <param name="column">To be added.</param>
            <param name="end_line">To be added.</param>
            <param name="end_column">To be added.</param>
            <param name="is_hidden">To be added.</param>
            <summary>To be added.</summary>
            <remarks>To be added.</remarks>
        </member>
        <member name="P:Mono.CompilerServices.SymbolWriter.SourceMethodBuilder.ScopeVariables">
            <summary>To be added.</summary>
            <value>To be added.</value>
            <remarks>To be added.</remarks>
        </member>
        <member name="P:Mono.CompilerServices.SymbolWriter.SourceMethodBuilder.SourceFile">
            <summary>To be added.</summary>
            <value>To be added.</value>
            <remarks>To be added.</remarks>
        </member>
        <member name="M:Mono.CompilerServices.SymbolWriter.SourceMethodBuilder.StartBlock(Mono.CompilerServices.SymbolWriter.CodeBlockEntry+Type,System.Int32)">
            <param name="type">To be added.</param>
            <param name="start_offset">To be added.</param>
            <summary>To be added.</summary>
            <remarks>To be added.</remarks>
        </member>
        <member name="M:Mono.CompilerServices.SymbolWriter.SourceMethodBuilder.StartBlock(Mono.CompilerServices.SymbolWriter.CodeBlockEntry+Type,System.Int32,System.Int32)">
            <param name="type">To be added.</param>
            <param name="start_offset">To be added.</param>
            <param name="scopeIndex">To be added.</param>
            <summary>To be added.</summary>
            <remarks>To be added.</remarks>
        </member>
        <member name="T:Mono.CompilerServices.SymbolWriter.SymbolWriterImpl">
            <summary>To be added.</summary>
            <remarks>To be added.</remarks>
        </member>
        <member name="C:Mono.CompilerServices.SymbolWriter.SymbolWriterImpl(System.Guid)">
            <param name="guid">To be added.</param>
            <summary>To be added.</summary>
            <remarks>To be added.</remarks>
        </member>
        <member name="M:Mono.CompilerServices.SymbolWriter.SymbolWriterImpl.Close">
            <summary>To be added.</summary>
            <remarks>To be added.</remarks>
        </member>
        <member name="M:Mono.CompilerServices.SymbolWriter.SymbolWriterImpl.CloseMethod">
            <summary>To be added.</summary>
            <remarks>To be added.</remarks>
        </member>
        <member name="M:Mono.CompilerServices.SymbolWriter.SymbolWriterImpl.CloseNamespace">
            <summary>To be added.</summary>
            <remarks>To be added.</remarks>
        </member>
        <member name="M:Mono.CompilerServices.SymbolWriter.SymbolWriterImpl.CloseScope(System.Int32)">
            <param name="endOffset">To be added.</param>
            <summary>To be added.</summary>
            <remarks>To be added.</remarks>
        </member>
        <member name="M:Mono.CompilerServices.SymbolWriter.SymbolWriterImpl.DefineDocument(System.String,System.Guid,System.Guid,System.Guid)">
            <param name="url">To be added.</param>
            <param name="language">To be added.</param>
            <param name="languageVendor">To be added.</param>
            <param name="documentType">To be added.</param>
            <summary>To be added.</summary>
            <returns>To be added.</returns>
            <remarks>To be added.</remarks>
        </member>
        <member name="M:Mono.CompilerServices.SymbolWriter.SymbolWriterImpl.DefineField(System.Diagnostics.SymbolStore.SymbolToken,System.String,System.Reflection.FieldAttributes,System.Byte[],System.Diagnostics.SymbolStore.SymAddressKind,System.Int32,System.Int32,System.Int32)">
            <param name="parent">To be added.</param>
            <param name="name">To be added.</param>
            <param name="attributes">To be added.</param>
            <param name="signature">To be added.</param>
            <param name="addrKind">To be added.</param>
            <param name="addr1">To be added.</param>
            <param name="addr2">To be added.</param>
            <param name="addr3">To be added.</param>
            <summary>To be added.</summary>
            <remarks>To be added.</remarks>
        </member>
        <member name="M:Mono.CompilerServices.SymbolWriter.SymbolWriterImpl.DefineGlobalVariable(System.String,System.Reflection.FieldAttributes,System.Byte[],System.Diagnostics.SymbolStore.SymAddressKind,System.Int32,System.Int32,System.Int32)">
            <param name="name">To be added.</param>
            <param name="attributes">To be added.</param>
            <param name="signature">To be added.</param>
            <param name="addrKind">To be added.</param>
            <param name="addr1">To be added.</param>
            <param name="addr2">To be added.</param>
            <param name="addr3">To be added.</param>
            <summary>To be added.</summary>
            <remarks>To be added.</remarks>
        </member>
        <member name="M:Mono.CompilerServices.SymbolWriter.SymbolWriterImpl.DefineLocalVariable(System.String,System.Reflection.FieldAttributes,System.Byte[],System.Diagnostics.SymbolStore.SymAddressKind,System.Int32,System.Int32,System.Int32,System.Int32,System.Int32)">
            <param name="name">To be added.</param>
            <param name="attributes">To be added.</param>
            <param name="signature">To be added.</param>
            <param name="addrKind">To be added.</param>
            <param name="addr1">To be added.</param>
            <param name="addr2">To be added.</param>
            <param name="addr3">To be added.</param>
            <param name="startOffset">To be added.</param>
            <param name="endOffset">To be added.</param>
            <summary>To be added.</summary>
            <remarks>To be added.</remarks>
        </member>
        <member name="M:Mono.CompilerServices.SymbolWriter.SymbolWriterImpl.DefineParameter(System.String,System.Reflection.ParameterAttributes,System.Int32,System.Diagnostics.SymbolStore.SymAddressKind,System.Int32,System.Int32,System.Int32)">
            <param name="name">To be added.</param>
            <param name="attributes">To be added.</param>
            <param name="sequence">To be added.</param>
            <param name="addrKind">To be added.</param>
            <param name="addr1">To be added.</param>
            <param name="addr2">To be added.</param>
            <param name="addr3">To be added.</param>
            <summary>To be added.</summary>
            <remarks>To be added.</remarks>
        </member>
        <member name="M:Mono.CompilerServices.SymbolWriter.SymbolWriterImpl.DefineSequencePoints(System.Diagnostics.SymbolStore.ISymbolDocumentWriter,System.Int32[],System.Int32[],System.Int32[],System.Int32[],System.Int32[])">
            <param name="document">To be added.</param>
            <param name="offsets">To be added.</param>
            <param name="lines">To be added.</param>
            <param name="columns">To be added.</param>
            <param name="endLines">To be added.</param>
            <param name="endColumns">To be added.</param>
            <summary>To be added.</summary>
            <remarks>To be added.</remarks>
        </member>
        <member name="M:Mono.CompilerServices.SymbolWriter.SymbolWriterImpl.Initialize(System.IntPtr,System.String,System.Boolean)">
            <param name="emitter">To be added.</param>
            <param name="filename">To be added.</param>
            <param name="fFullBuild">To be added.</param>
            <summary>To be added.</summary>
            <remarks>To be added.</remarks>
        </member>
        <member name="M:Mono.CompilerServices.SymbolWriter.SymbolWriterImpl.OpenMethod(System.Diagnostics.SymbolStore.SymbolToken)">
            <param name="method">To be added.</param>
            <summary>To be added.</summary>
            <remarks>To be added.</remarks>
        </member>
        <member name="M:Mono.CompilerServices.SymbolWriter.SymbolWriterImpl.OpenNamespace(System.String)">
            <param name="name">To be added.</param>
            <summary>To be added.</summary>
            <remarks>To be added.</remarks>
        </member>
        <member name="M:Mono.CompilerServices.SymbolWriter.SymbolWriterImpl.OpenScope(System.Int32)">
            <param name="startOffset">To be added.</param>
            <summary>To be added.</summary>
            <returns>To be added.</returns>
            <remarks>To be added.</remarks>
        </member>
        <member name="M:Mono.CompilerServices.SymbolWriter.SymbolWriterImpl.SetMethodSourceRange(System.Diagnostics.SymbolStore.ISymbolDocumentWriter,System.Int32,System.Int32,System.Diagnostics.SymbolStore.ISymbolDocumentWriter,System.Int32,System.Int32)">
            <param name="startDoc">To be added.</param>
            <param name="startLine">To be added.</param>
            <param name="startColumn">To be added.</param>
            <param name="endDoc">To be added.</param>
            <param name="endLine">To be added.</param>
            <param name="endColumn">To be added.</param>
            <summary>To be added.</summary>
            <remarks>To be added.</remarks>
        </member>
        <member name="M:Mono.CompilerServices.SymbolWriter.SymbolWriterImpl.SetScopeRange(System.Int32,System.Int32,System.Int32)">
            <param name="scopeID">To be added.</param>
            <param name="startOffset">To be added.</param>
            <param name="endOffset">To be added.</param>
            <summary>To be added.</summary>
            <remarks>To be added.</remarks>
        </member>
        <member name="M:Mono.CompilerServices.SymbolWriter.SymbolWriterImpl.SetSymAttribute(System.Diagnostics.SymbolStore.SymbolToken,System.String,System.Byte[])">
            <param name="parent">To be added.</param>
            <param name="name">To be added.</param>
            <param name="data">To be added.</param>
            <summary>To be added.</summary>
            <remarks>To be added.</remarks>
        </member>
        <member name="M:Mono.CompilerServices.SymbolWriter.SymbolWriterImpl.SetUnderlyingWriter(System.IntPtr)">
            <param name="underlyingWriter">To be added.</param>
            <summary>To be added.</summary>
            <remarks>To be added.</remarks>
        </member>
        <member name="M:Mono.CompilerServices.SymbolWriter.SymbolWriterImpl.SetUserEntryPoint(System.Diagnostics.SymbolStore.SymbolToken)">
            <param name="entryMethod">To be added.</param>
            <summary>To be added.</summary>
            <remarks>To be added.</remarks>
        </member>
        <member name="M:Mono.CompilerServices.SymbolWriter.SymbolWriterImpl.UsingNamespace(System.String)">
            <param name="fullName">To be added.</param>
            <summary>To be added.</summary>
            <remarks>To be added.</remarks>
        </member>
    </members>
</doc>
