<doc>
    <assembly>
        <name>System.Xml.Linq</name>
    </assembly>
    <members>
        <member name="T:System.Xml.Linq.Extensions">
            <summary>To be added.</summary>
            <remarks>To be added.</remarks>
        </member>
        <member name="M:System.Xml.Linq.Extensions.Ancestors``1(System.Collections.Generic.IEnumerable{``0})">
            <typeparam name="T">To be added.</typeparam>
            <param name="source">To be added.</param>
            <summary>To be added.</summary>
            <returns>To be added.</returns>
            <remarks>To be added.</remarks>
        </member>
        <member name="M:System.Xml.Linq.Extensions.Ancestors``1(System.Collections.Generic.IEnumerable{``0},System.Xml.Linq.XName)">
            <typeparam name="T">To be added.</typeparam>
            <param name="source">To be added.</param>
            <param name="name">To be added.</param>
            <summary>To be added.</summary>
            <returns>To be added.</returns>
            <remarks>To be added.</remarks>
        </member>
        <member name="M:System.Xml.Linq.Extensions.AncestorsAndSelf(System.Collections.Generic.IEnumerable{System.Xml.Linq.XElement})">
            <param name="source">To be added.</param>
            <summary>To be added.</summary>
            <returns>To be added.</returns>
            <remarks>To be added.</remarks>
        </member>
        <member name="M:System.Xml.Linq.Extensions.AncestorsAndSelf(System.Collections.Generic.IEnumerable{System.Xml.Linq.XElement},System.Xml.Linq.XName)">
            <param name="source">To be added.</param>
            <param name="name">To be added.</param>
            <summary>To be added.</summary>
            <returns>To be added.</returns>
            <remarks>To be added.</remarks>
        </member>
        <member name="M:System.Xml.Linq.Extensions.Attributes(System.Collections.Generic.IEnumerable{System.Xml.Linq.XElement})">
            <param name="source">To be added.</param>
            <summary>To be added.</summary>
            <returns>To be added.</returns>
            <remarks>To be added.</remarks>
        </member>
        <member name="M:System.Xml.Linq.Extensions.Attributes(System.Collections.Generic.IEnumerable{System.Xml.Linq.XElement},System.Xml.Linq.XName)">
            <param name="source">To be added.</param>
            <param name="name">To be added.</param>
            <summary>To be added.</summary>
            <returns>To be added.</returns>
            <remarks>To be added.</remarks>
        </member>
        <member name="M:System.Xml.Linq.Extensions.DescendantNodes``1(System.Collections.Generic.IEnumerable{``0})">
            <typeparam name="T">To be added.</typeparam>
            <param name="source">To be added.</param>
            <summary>To be added.</summary>
            <returns>To be added.</returns>
            <remarks>To be added.</remarks>
        </member>
        <member name="M:System.Xml.Linq.Extensions.DescendantNodesAndSelf(System.Collections.Generic.IEnumerable{System.Xml.Linq.XElement})">
            <param name="source">To be added.</param>
            <summary>To be added.</summary>
            <returns>To be added.</returns>
            <remarks>To be added.</remarks>
        </member>
        <member name="M:System.Xml.Linq.Extensions.Descendants``1(System.Collections.Generic.IEnumerable{``0})">
            <typeparam name="T">To be added.</typeparam>
            <param name="source">To be added.</param>
            <summary>To be added.</summary>
            <returns>To be added.</returns>
            <remarks>To be added.</remarks>
        </member>
        <member name="M:System.Xml.Linq.Extensions.Descendants``1(System.Collections.Generic.IEnumerable{``0},System.Xml.Linq.XName)">
            <typeparam name="T">To be added.</typeparam>
            <param name="source">To be added.</param>
            <param name="name">To be added.</param>
            <summary>To be added.</summary>
            <returns>To be added.</returns>
            <remarks>To be added.</remarks>
        </member>
        <member name="M:System.Xml.Linq.Extensions.DescendantsAndSelf(System.Collections.Generic.IEnumerable{System.Xml.Linq.XElement})">
            <param name="source">To be added.</param>
            <summary>To be added.</summary>
            <returns>To be added.</returns>
            <remarks>To be added.</remarks>
        </member>
        <member name="M:System.Xml.Linq.Extensions.DescendantsAndSelf(System.Collections.Generic.IEnumerable{System.Xml.Linq.XElement},System.Xml.Linq.XName)">
            <param name="source">To be added.</param>
            <param name="name">To be added.</param>
            <summary>To be added.</summary>
            <returns>To be added.</returns>
            <remarks>To be added.</remarks>
        </member>
        <member name="M:System.Xml.Linq.Extensions.Elements``1(System.Collections.Generic.IEnumerable{``0})">
            <typeparam name="T">To be added.</typeparam>
            <param name="source">To be added.</param>
            <summary>To be added.</summary>
            <returns>To be added.</returns>
            <remarks>To be added.</remarks>
        </member>
        <member name="M:System.Xml.Linq.Extensions.Elements``1(System.Collections.Generic.IEnumerable{``0},System.Xml.Linq.XName)">
            <typeparam name="T">To be added.</typeparam>
            <param name="source">To be added.</param>
            <param name="name">To be added.</param>
            <summary>To be added.</summary>
            <returns>To be added.</returns>
            <remarks>To be added.</remarks>
        </member>
        <member name="M:System.Xml.Linq.Extensions.InDocumentOrder``1(System.Collections.Generic.IEnumerable{``0})">
            <typeparam name="T">To be added.</typeparam>
            <param name="source">To be added.</param>
            <summary>To be added.</summary>
            <returns>To be added.</returns>
            <remarks>To be added.</remarks>
        </member>
        <member name="M:System.Xml.Linq.Extensions.Nodes``1(System.Collections.Generic.IEnumerable{``0})">
            <typeparam name="T">To be added.</typeparam>
            <param name="source">To be added.</param>
            <summary>To be added.</summary>
            <returns>To be added.</returns>
            <remarks>To be added.</remarks>
        </member>
        <member name="M:System.Xml.Linq.Extensions.Remove(System.Collections.Generic.IEnumerable{System.Xml.Linq.XAttribute})">
            <param name="source">To be added.</param>
            <summary>To be added.</summary>
            <remarks>To be added.</remarks>
        </member>
        <member name="M:System.Xml.Linq.Extensions.Remove``1(System.Collections.Generic.IEnumerable{``0})">
            <typeparam name="T">To be added.</typeparam>
            <param name="source">To be added.</param>
            <summary>To be added.</summary>
            <remarks>To be added.</remarks>
        </member>
        <member name="T:System.Xml.Linq.LoadOptions">
            <summary>To be added.</summary>
            <remarks>To be added.</remarks>
        </member>
        <member name="F:System.Xml.Linq.LoadOptions.None">
            <summary>To be added.</summary>
        </member>
        <member name="F:System.Xml.Linq.LoadOptions.PreserveWhitespace">
            <summary>To be added.</summary>
        </member>
        <member name="F:System.Xml.Linq.LoadOptions.SetBaseUri">
            <summary>To be added.</summary>
        </member>
        <member name="F:System.Xml.Linq.LoadOptions.SetLineInfo">
            <summary>To be added.</summary>
        </member>
        <member name="T:System.Xml.Linq.ReaderOptions">
            <summary>To be added.</summary>
            <remarks>To be added.</remarks>
        </member>
        <member name="F:System.Xml.Linq.ReaderOptions.None">
            <summary>To be added.</summary>
        </member>
        <member name="F:System.Xml.Linq.ReaderOptions.OmitDuplicateNamespaces">
            <summary>To be added.</summary>
        </member>
        <member name="T:System.Xml.Linq.SaveOptions">
            <summary>To be added.</summary>
            <remarks>To be added.</remarks>
        </member>
        <member name="F:System.Xml.Linq.SaveOptions.DisableFormatting">
            <summary>To be added.</summary>
        </member>
        <member name="F:System.Xml.Linq.SaveOptions.None">
            <summary>To be added.</summary>
        </member>
        <member name="F:System.Xml.Linq.SaveOptions.OmitDuplicateNamespaces">
            <summary>To be added.</summary>
        </member>
        <member name="T:System.Xml.Linq.XAttribute">
            <summary>To be added.</summary>
            <remarks>To be added.</remarks>
        </member>
        <member name="C:System.Xml.Linq.XAttribute(System.Xml.Linq.XAttribute)">
            <param name="other">To be added.</param>
            <summary>To be added.</summary>
            <remarks>To be added.</remarks>
        </member>
        <member name="C:System.Xml.Linq.XAttribute(System.Xml.Linq.XName,System.Object)">
            <param name="name">To be added.</param>
            <param name="value">To be added.</param>
            <summary>To be added.</summary>
            <remarks>To be added.</remarks>
        </member>
        <member name="P:System.Xml.Linq.XAttribute.EmptySequence">
            <summary>To be added.</summary>
            <value>To be added.</value>
            <remarks>To be added.</remarks>
        </member>
        <member name="P:System.Xml.Linq.XAttribute.IsNamespaceDeclaration">
            <summary>To be added.</summary>
            <value>To be added.</value>
            <remarks>To be added.</remarks>
        </member>
        <member name="P:System.Xml.Linq.XAttribute.Name">
            <summary>To be added.</summary>
            <value>To be added.</value>
            <remarks>To be added.</remarks>
        </member>
        <member name="P:System.Xml.Linq.XAttribute.NextAttribute">
            <summary>To be added.</summary>
            <value>To be added.</value>
            <remarks>To be added.</remarks>
        </member>
        <member name="P:System.Xml.Linq.XAttribute.NodeType">
            <summary>To be added.</summary>
            <value>To be added.</value>
            <remarks>To be added.</remarks>
        </member>
        <member name="M:System.Xml.Linq.XAttribute.op_Explicit(System.Xml.Linq.XAttribute)~System.Boolean">
            <param name="attribute">To be added.</param>
            <summary>To be added.</summary>
            <returns>To be added.</returns>
            <remarks>To be added.</remarks>
        </member>
        <member name="M:System.Xml.Linq.XAttribute.op_Explicit(System.Xml.Linq.XAttribute)~System.DateTime">
            <param name="attribute">To be added.</param>
            <summary>To be added.</summary>
            <returns>To be added.</returns>
            <remarks>To be added.</remarks>
        </member>
        <member name="M:System.Xml.Linq.XAttribute.op_Explicit(System.Xml.Linq.XAttribute)~System.DateTimeOffset">
            <param name="attribute">To be added.</param>
            <summary>To be added.</summary>
            <returns>To be added.</returns>
            <remarks>To be added.</remarks>
        </member>
        <member name="M:System.Xml.Linq.XAttribute.op_Explicit(System.Xml.Linq.XAttribute)~System.Decimal">
            <param name="attribute">To be added.</param>
            <summary>To be added.</summary>
            <returns>To be added.</returns>
            <remarks>To be added.</remarks>
        </member>
        <member name="M:System.Xml.Linq.XAttribute.op_Explicit(System.Xml.Linq.XAttribute)~System.Double">
            <param name="attribute">To be added.</param>
            <summary>To be added.</summary>
            <returns>To be added.</returns>
            <remarks>To be added.</remarks>
        </member>
        <member name="M:System.Xml.Linq.XAttribute.op_Explicit(System.Xml.Linq.XAttribute)~System.Guid">
            <param name="attribute">To be added.</param>
            <summary>To be added.</summary>
            <returns>To be added.</returns>
            <remarks>To be added.</remarks>
        </member>
        <member name="M:System.Xml.Linq.XAttribute.op_Explicit(System.Xml.Linq.XAttribute)~System.Int32">
            <param name="attribute">To be added.</param>
            <summary>To be added.</summary>
            <returns>To be added.</returns>
            <remarks>To be added.</remarks>
        </member>
        <member name="M:System.Xml.Linq.XAttribute.op_Explicit(System.Xml.Linq.XAttribute)~System.Int64">
            <param name="attribute">To be added.</param>
            <summary>To be added.</summary>
            <returns>To be added.</returns>
            <remarks>To be added.</remarks>
        </member>
        <member name="M:System.Xml.Linq.XAttribute.op_Explicit(System.Xml.Linq.XAttribute)~System.Nullable{System.Boolean}">
            <param name="attribute">To be added.</param>
            <summary>To be added.</summary>
            <returns>To be added.</returns>
            <remarks>To be added.</remarks>
        </member>
        <member name="M:System.Xml.Linq.XAttribute.op_Explicit(System.Xml.Linq.XAttribute)~System.Nullable{System.DateTime}">
            <param name="attribute">To be added.</param>
            <summary>To be added.</summary>
            <returns>To be added.</returns>
            <remarks>To be added.</remarks>
        </member>
        <member name="M:System.Xml.Linq.XAttribute.op_Explicit(System.Xml.Linq.XAttribute)~System.Nullable{System.DateTimeOffset}">
            <param name="attribute">To be added.</param>
            <summary>To be added.</summary>
            <returns>To be added.</returns>
            <remarks>To be added.</remarks>
        </member>
        <member name="M:System.Xml.Linq.XAttribute.op_Explicit(System.Xml.Linq.XAttribute)~System.Nullable{System.Decimal}">
            <param name="attribute">To be added.</param>
            <summary>To be added.</summary>
            <returns>To be added.</returns>
            <remarks>To be added.</remarks>
        </member>
        <member name="M:System.Xml.Linq.XAttribute.op_Explicit(System.Xml.Linq.XAttribute)~System.Nullable{System.Double}">
            <param name="attribute">To be added.</param>
            <summary>To be added.</summary>
            <returns>To be added.</returns>
            <remarks>To be added.</remarks>
        </member>
        <member name="M:System.Xml.Linq.XAttribute.op_Explicit(System.Xml.Linq.XAttribute)~System.Nullable{System.Guid}">
            <param name="attribute">To be added.</param>
            <summary>To be added.</summary>
            <returns>To be added.</returns>
            <remarks>To be added.</remarks>
        </member>
        <member name="M:System.Xml.Linq.XAttribute.op_Explicit(System.Xml.Linq.XAttribute)~System.Nullable{System.Int32}">
            <param name="attribute">To be added.</param>
            <summary>To be added.</summary>
            <returns>To be added.</returns>
            <remarks>To be added.</remarks>
        </member>
        <member name="M:System.Xml.Linq.XAttribute.op_Explicit(System.Xml.Linq.XAttribute)~System.Nullable{System.Int64}">
            <param name="attribute">To be added.</param>
            <summary>To be added.</summary>
            <returns>To be added.</returns>
            <remarks>To be added.</remarks>
        </member>
        <member name="M:System.Xml.Linq.XAttribute.op_Explicit(System.Xml.Linq.XAttribute)~System.Nullable{System.Single}">
            <param name="attribute">To be added.</param>
            <summary>To be added.</summary>
            <returns>To be added.</returns>
            <remarks>To be added.</remarks>
        </member>
        <member name="M:System.Xml.Linq.XAttribute.op_Explicit(System.Xml.Linq.XAttribute)~System.Nullable{System.TimeSpan}">
            <param name="attribute">To be added.</param>
            <summary>To be added.</summary>
            <returns>To be added.</returns>
            <remarks>To be added.</remarks>
        </member>
        <member name="M:System.Xml.Linq.XAttribute.op_Explicit(System.Xml.Linq.XAttribute)~System.Nullable{System.UInt32}">
            <param name="attribute">To be added.</param>
            <summary>To be added.</summary>
            <returns>To be added.</returns>
            <remarks>To be added.</remarks>
        </member>
        <member name="M:System.Xml.Linq.XAttribute.op_Explicit(System.Xml.Linq.XAttribute)~System.Nullable{System.UInt64}">
            <param name="attribute">To be added.</param>
            <summary>To be added.</summary>
            <returns>To be added.</returns>
            <remarks>To be added.</remarks>
        </member>
        <member name="M:System.Xml.Linq.XAttribute.op_Explicit(System.Xml.Linq.XAttribute)~System.Single">
            <param name="attribute">To be added.</param>
            <summary>To be added.</summary>
            <returns>To be added.</returns>
            <remarks>To be added.</remarks>
        </member>
        <member name="M:System.Xml.Linq.XAttribute.op_Explicit(System.Xml.Linq.XAttribute)~System.String">
            <param name="attribute">To be added.</param>
            <summary>To be added.</summary>
            <returns>To be added.</returns>
            <remarks>To be added.</remarks>
        </member>
        <member name="M:System.Xml.Linq.XAttribute.op_Explicit(System.Xml.Linq.XAttribute)~System.TimeSpan">
            <param name="attribute">To be added.</param>
            <summary>To be added.</summary>
            <returns>To be added.</returns>
            <remarks>To be added.</remarks>
        </member>
        <member name="M:System.Xml.Linq.XAttribute.op_Explicit(System.Xml.Linq.XAttribute)~System.UInt32">
            <param name="attribute">To be added.</param>
            <summary>To be added.</summary>
            <returns>To be added.</returns>
            <remarks>To be added.</remarks>
        </member>
        <member name="M:System.Xml.Linq.XAttribute.op_Explicit(System.Xml.Linq.XAttribute)~System.UInt64">
            <param name="attribute">To be added.</param>
            <summary>To be added.</summary>
            <returns>To be added.</returns>
            <remarks>To be added.</remarks>
        </member>
        <member name="P:System.Xml.Linq.XAttribute.PreviousAttribute">
            <summary>To be added.</summary>
            <value>To be added.</value>
            <remarks>To be added.</remarks>
        </member>
        <member name="M:System.Xml.Linq.XAttribute.Remove">
            <summary>To be added.</summary>
            <remarks>To be added.</remarks>
        </member>
        <member name="M:System.Xml.Linq.XAttribute.SetValue(System.Object)">
            <param name="value">To be added.</param>
            <summary>To be added.</summary>
            <remarks>To be added.</remarks>
        </member>
        <member name="M:System.Xml.Linq.XAttribute.ToString">
            <summary>To be added.</summary>
            <returns>To be added.</returns>
            <remarks>To be added.</remarks>
        </member>
        <member name="P:System.Xml.Linq.XAttribute.Value">
            <summary>To be added.</summary>
            <value>To be added.</value>
            <remarks>To be added.</remarks>
        </member>
        <member name="T:System.Xml.Linq.XCData">
            <summary>To be added.</summary>
            <remarks>To be added.</remarks>
        </member>
        <member name="C:System.Xml.Linq.XCData(System.String)">
            <param name="value">To be added.</param>
            <summary>To be added.</summary>
            <remarks>To be added.</remarks>
        </member>
        <member name="C:System.Xml.Linq.XCData(System.Xml.Linq.XCData)">
            <param name="other">To be added.</param>
            <summary>To be added.</summary>
            <remarks>To be added.</remarks>
        </member>
        <member name="P:System.Xml.Linq.XCData.NodeType">
            <summary>To be added.</summary>
            <value>To be added.</value>
            <remarks>To be added.</remarks>
        </member>
        <member name="M:System.Xml.Linq.XCData.WriteTo(System.Xml.XmlWriter)">
            <param name="writer">To be added.</param>
            <summary>To be added.</summary>
            <remarks>To be added.</remarks>
        </member>
        <member name="T:System.Xml.Linq.XComment">
            <summary>To be added.</summary>
            <remarks>To be added.</remarks>
        </member>
        <member name="C:System.Xml.Linq.XComment(System.String)">
            <param name="value">To be added.</param>
            <summary>To be added.</summary>
            <remarks>To be added.</remarks>
        </member>
        <member name="C:System.Xml.Linq.XComment(System.Xml.Linq.XComment)">
            <param name="other">To be added.</param>
            <summary>To be added.</summary>
            <remarks>To be added.</remarks>
        </member>
        <member name="P:System.Xml.Linq.XComment.NodeType">
            <summary>To be added.</summary>
            <value>To be added.</value>
            <remarks>To be added.</remarks>
        </member>
        <member name="P:System.Xml.Linq.XComment.Value">
            <summary>To be added.</summary>
            <value>To be added.</value>
            <remarks>To be added.</remarks>
        </member>
        <member name="M:System.Xml.Linq.XComment.WriteTo(System.Xml.XmlWriter)">
            <param name="writer">To be added.</param>
            <summary>To be added.</summary>
            <remarks>To be added.</remarks>
        </member>
        <member name="T:System.Xml.Linq.XContainer">
            <summary>To be added.</summary>
            <remarks>To be added.</remarks>
        </member>
        <member name="M:System.Xml.Linq.XContainer.Add(System.Object)">
            <param name="content">To be added.</param>
            <summary>To be added.</summary>
            <remarks>To be added.</remarks>
        </member>
        <member name="M:System.Xml.Linq.XContainer.Add(System.Object[])">
            <param name="content">To be added.</param>
            <summary>To be added.</summary>
            <remarks>To be added.</remarks>
        </member>
        <member name="M:System.Xml.Linq.XContainer.AddFirst(System.Object)">
            <param name="content">To be added.</param>
            <summary>To be added.</summary>
            <remarks>To be added.</remarks>
        </member>
        <member name="M:System.Xml.Linq.XContainer.AddFirst(System.Object[])">
            <param name="content">To be added.</param>
            <summary>To be added.</summary>
            <remarks>To be added.</remarks>
        </member>
        <member name="M:System.Xml.Linq.XContainer.CreateWriter">
            <summary>To be added.</summary>
            <returns>To be added.</returns>
            <remarks>To be added.</remarks>
        </member>
        <member name="M:System.Xml.Linq.XContainer.DescendantNodes">
            <summary>To be added.</summary>
            <returns>To be added.</returns>
            <remarks>To be added.</remarks>
        </member>
        <member name="M:System.Xml.Linq.XContainer.Descendants">
            <summary>To be added.</summary>
            <returns>To be added.</returns>
            <remarks>To be added.</remarks>
        </member>
        <member name="M:System.Xml.Linq.XContainer.Descendants(System.Xml.Linq.XName)">
            <param name="name">To be added.</param>
            <summary>To be added.</summary>
            <returns>To be added.</returns>
            <remarks>To be added.</remarks>
        </member>
        <member name="M:System.Xml.Linq.XContainer.Element(System.Xml.Linq.XName)">
            <param name="name">To be added.</param>
            <summary>To be added.</summary>
            <returns>To be added.</returns>
            <remarks>To be added.</remarks>
        </member>
        <member name="M:System.Xml.Linq.XContainer.Elements">
            <summary>To be added.</summary>
            <returns>To be added.</returns>
            <remarks>To be added.</remarks>
        </member>
        <member name="M:System.Xml.Linq.XContainer.Elements(System.Xml.Linq.XName)">
            <param name="name">To be added.</param>
            <summary>To be added.</summary>
            <returns>To be added.</returns>
            <remarks>To be added.</remarks>
        </member>
        <member name="P:System.Xml.Linq.XContainer.FirstNode">
            <summary>To be added.</summary>
            <value>To be added.</value>
            <remarks>To be added.</remarks>
        </member>
        <member name="P:System.Xml.Linq.XContainer.LastNode">
            <summary>To be added.</summary>
            <value>To be added.</value>
            <remarks>To be added.</remarks>
        </member>
        <member name="M:System.Xml.Linq.XContainer.Nodes">
            <summary>To be added.</summary>
            <returns>To be added.</returns>
            <remarks>To be added.</remarks>
        </member>
        <member name="M:System.Xml.Linq.XContainer.RemoveNodes">
            <summary>To be added.</summary>
            <remarks>To be added.</remarks>
        </member>
        <member name="M:System.Xml.Linq.XContainer.ReplaceNodes(System.Object)">
            <param name="content">To be added.</param>
            <summary>To be added.</summary>
            <remarks>To be added.</remarks>
        </member>
        <member name="M:System.Xml.Linq.XContainer.ReplaceNodes(System.Object[])">
            <param name="content">To be added.</param>
            <summary>To be added.</summary>
            <remarks>To be added.</remarks>
        </member>
        <member name="T:System.Xml.Linq.XDeclaration">
            <summary>To be added.</summary>
            <remarks>To be added.</remarks>
        </member>
        <member name="C:System.Xml.Linq.XDeclaration(System.Xml.Linq.XDeclaration)">
            <param name="other">To be added.</param>
            <summary>To be added.</summary>
            <remarks>To be added.</remarks>
        </member>
        <member name="C:System.Xml.Linq.XDeclaration(System.String,System.String,System.String)">
            <param name="version">To be added.</param>
            <param name="encoding">To be added.</param>
            <param name="standalone">To be added.</param>
            <summary>To be added.</summary>
            <remarks>To be added.</remarks>
        </member>
        <member name="P:System.Xml.Linq.XDeclaration.Encoding">
            <summary>To be added.</summary>
            <value>To be added.</value>
            <remarks>To be added.</remarks>
        </member>
        <member name="P:System.Xml.Linq.XDeclaration.Standalone">
            <summary>To be added.</summary>
            <value>To be added.</value>
            <remarks>To be added.</remarks>
        </member>
        <member name="M:System.Xml.Linq.XDeclaration.ToString">
            <summary>To be added.</summary>
            <returns>To be added.</returns>
            <remarks>To be added.</remarks>
        </member>
        <member name="P:System.Xml.Linq.XDeclaration.Version">
            <summary>To be added.</summary>
            <value>To be added.</value>
            <remarks>To be added.</remarks>
        </member>
        <member name="T:System.Xml.Linq.XDocument">
            <summary>To be added.</summary>
            <remarks>To be added.</remarks>
        </member>
        <member name="C:System.Xml.Linq.XDocument">
            <summary>To be added.</summary>
            <remarks>To be added.</remarks>
        </member>
        <member name="C:System.Xml.Linq.XDocument(System.Object[])">
            <param name="content">To be added.</param>
            <summary>To be added.</summary>
            <remarks>To be added.</remarks>
        </member>
        <member name="C:System.Xml.Linq.XDocument(System.Xml.Linq.XDocument)">
            <param name="other">To be added.</param>
            <summary>To be added.</summary>
            <remarks>To be added.</remarks>
        </member>
        <member name="C:System.Xml.Linq.XDocument(System.Xml.Linq.XDeclaration,System.Object[])">
            <param name="declaration">To be added.</param>
            <param name="content">To be added.</param>
            <summary>To be added.</summary>
            <remarks>To be added.</remarks>
        </member>
        <member name="P:System.Xml.Linq.XDocument.Declaration">
            <summary>To be added.</summary>
            <value>To be added.</value>
            <remarks>To be added.</remarks>
        </member>
        <member name="P:System.Xml.Linq.XDocument.DocumentType">
            <summary>To be added.</summary>
            <value>To be added.</value>
            <remarks>To be added.</remarks>
        </member>
        <member name="M:System.Xml.Linq.XDocument.Load(System.IO.Stream)">
            <param name="stream">To be added.</param>
            <summary>To be added.</summary>
            <returns>To be added.</returns>
            <remarks>To be added.</remarks>
        </member>
        <member name="M:System.Xml.Linq.XDocument.Load(System.IO.TextReader)">
            <param name="textReader">To be added.</param>
            <summary>To be added.</summary>
            <returns>To be added.</returns>
            <remarks>To be added.</remarks>
        </member>
        <member name="M:System.Xml.Linq.XDocument.Load(System.String)">
            <param name="uri">To be added.</param>
            <summary>To be added.</summary>
            <returns>To be added.</returns>
            <remarks>To be added.</remarks>
        </member>
        <member name="M:System.Xml.Linq.XDocument.Load(System.Xml.XmlReader)">
            <param name="reader">To be added.</param>
            <summary>To be added.</summary>
            <returns>To be added.</returns>
            <remarks>To be added.</remarks>
        </member>
        <member name="M:System.Xml.Linq.XDocument.Load(System.IO.Stream,System.Xml.Linq.LoadOptions)">
            <param name="stream">To be added.</param>
            <param name="options">To be added.</param>
            <summary>To be added.</summary>
            <returns>To be added.</returns>
            <remarks>To be added.</remarks>
        </member>
        <member name="M:System.Xml.Linq.XDocument.Load(System.IO.TextReader,System.Xml.Linq.LoadOptions)">
            <param name="textReader">To be added.</param>
            <param name="options">To be added.</param>
            <summary>To be added.</summary>
            <returns>To be added.</returns>
            <remarks>To be added.</remarks>
        </member>
        <member name="M:System.Xml.Linq.XDocument.Load(System.String,System.Xml.Linq.LoadOptions)">
            <param name="uri">To be added.</param>
            <param name="options">To be added.</param>
            <summary>To be added.</summary>
            <returns>To be added.</returns>
            <remarks>To be added.</remarks>
        </member>
        <member name="M:System.Xml.Linq.XDocument.Load(System.Xml.XmlReader,System.Xml.Linq.LoadOptions)">
            <param name="reader">To be added.</param>
            <param name="options">To be added.</param>
            <summary>To be added.</summary>
            <returns>To be added.</returns>
            <remarks>To be added.</remarks>
        </member>
        <member name="P:System.Xml.Linq.XDocument.NodeType">
            <summary>To be added.</summary>
            <value>To be added.</value>
            <remarks>To be added.</remarks>
        </member>
        <member name="M:System.Xml.Linq.XDocument.Parse(System.String)">
            <param name="text">To be added.</param>
            <summary>To be added.</summary>
            <returns>To be added.</returns>
            <remarks>To be added.</remarks>
        </member>
        <member name="M:System.Xml.Linq.XDocument.Parse(System.String,System.Xml.Linq.LoadOptions)">
            <param name="text">To be added.</param>
            <param name="options">To be added.</param>
            <summary>To be added.</summary>
            <returns>To be added.</returns>
            <remarks>To be added.</remarks>
        </member>
        <member name="P:System.Xml.Linq.XDocument.Root">
            <summary>To be added.</summary>
            <value>To be added.</value>
            <remarks>To be added.</remarks>
        </member>
        <member name="M:System.Xml.Linq.XDocument.Save(System.IO.Stream)">
            <param name="stream">To be added.</param>
            <summary>To be added.</summary>
            <remarks>To be added.</remarks>
        </member>
        <member name="M:System.Xml.Linq.XDocument.Save(System.IO.TextWriter)">
            <param name="textWriter">To be added.</param>
            <summary>To be added.</summary>
            <remarks>To be added.</remarks>
        </member>
        <member name="M:System.Xml.Linq.XDocument.Save(System.String)">
            <param name="fileName">To be added.</param>
            <summary>To be added.</summary>
            <remarks>To be added.</remarks>
        </member>
        <member name="M:System.Xml.Linq.XDocument.Save(System.Xml.XmlWriter)">
            <param name="writer">To be added.</param>
            <summary>To be added.</summary>
            <remarks>To be added.</remarks>
        </member>
        <member name="M:System.Xml.Linq.XDocument.Save(System.IO.Stream,System.Xml.Linq.SaveOptions)">
            <param name="stream">To be added.</param>
            <param name="options">To be added.</param>
            <summary>To be added.</summary>
            <remarks>To be added.</remarks>
        </member>
        <member name="M:System.Xml.Linq.XDocument.Save(System.IO.TextWriter,System.Xml.Linq.SaveOptions)">
            <param name="textWriter">To be added.</param>
            <param name="options">To be added.</param>
            <summary>To be added.</summary>
            <remarks>To be added.</remarks>
        </member>
        <member name="M:System.Xml.Linq.XDocument.Save(System.String,System.Xml.Linq.SaveOptions)">
            <param name="fileName">To be added.</param>
            <param name="options">To be added.</param>
            <summary>To be added.</summary>
            <remarks>To be added.</remarks>
        </member>
        <member name="M:System.Xml.Linq.XDocument.WriteTo(System.Xml.XmlWriter)">
            <param name="writer">To be added.</param>
            <summary>To be added.</summary>
            <remarks>To be added.</remarks>
        </member>
        <member name="T:System.Xml.Linq.XDocumentType">
            <summary>To be added.</summary>
            <remarks>To be added.</remarks>
        </member>
        <member name="C:System.Xml.Linq.XDocumentType(System.Xml.Linq.XDocumentType)">
            <param name="other">To be added.</param>
            <summary>To be added.</summary>
            <remarks>To be added.</remarks>
        </member>
        <member name="C:System.Xml.Linq.XDocumentType(System.String,System.String,System.String,System.String)">
            <param name="name">To be added.</param>
            <param name="publicId">To be added.</param>
            <param name="systemId">To be added.</param>
            <param name="internalSubset">To be added.</param>
            <summary>To be added.</summary>
            <remarks>To be added.</remarks>
        </member>
        <member name="P:System.Xml.Linq.XDocumentType.InternalSubset">
            <summary>To be added.</summary>
            <value>To be added.</value>
            <remarks>To be added.</remarks>
        </member>
        <member name="P:System.Xml.Linq.XDocumentType.Name">
            <summary>To be added.</summary>
            <value>To be added.</value>
            <remarks>To be added.</remarks>
        </member>
        <member name="P:System.Xml.Linq.XDocumentType.NodeType">
            <summary>To be added.</summary>
            <value>To be added.</value>
            <remarks>To be added.</remarks>
        </member>
        <member name="P:System.Xml.Linq.XDocumentType.PublicId">
            <summary>To be added.</summary>
            <value>To be added.</value>
            <remarks>To be added.</remarks>
        </member>
        <member name="P:System.Xml.Linq.XDocumentType.SystemId">
            <summary>To be added.</summary>
            <value>To be added.</value>
            <remarks>To be added.</remarks>
        </member>
        <member name="M:System.Xml.Linq.XDocumentType.WriteTo(System.Xml.XmlWriter)">
            <param name="writer">To be added.</param>
            <summary>To be added.</summary>
            <remarks>To be added.</remarks>
        </member>
        <member name="T:System.Xml.Linq.XElement">
            <summary>To be added.</summary>
            <remarks>To be added.</remarks>
        </member>
        <member name="C:System.Xml.Linq.XElement(System.Xml.Linq.XElement)">
            <param name="other">To be added.</param>
            <summary>To be added.</summary>
            <remarks>To be added.</remarks>
        </member>
        <member name="C:System.Xml.Linq.XElement(System.Xml.Linq.XName)">
            <param name="name">To be added.</param>
            <summary>To be added.</summary>
            <remarks>To be added.</remarks>
        </member>
        <member name="C:System.Xml.Linq.XElement(System.Xml.Linq.XStreamingElement)">
            <param name="other">To be added.</param>
            <summary>To be added.</summary>
            <remarks>To be added.</remarks>
        </member>
        <member name="C:System.Xml.Linq.XElement(System.Xml.Linq.XName,System.Object)">
            <param name="name">To be added.</param>
            <param name="content">To be added.</param>
            <summary>To be added.</summary>
            <remarks>To be added.</remarks>
        </member>
        <member name="C:System.Xml.Linq.XElement(System.Xml.Linq.XName,System.Object[])">
            <param name="name">To be added.</param>
            <param name="content">To be added.</param>
            <summary>To be added.</summary>
            <remarks>To be added.</remarks>
        </member>
        <member name="M:System.Xml.Linq.XElement.AncestorsAndSelf">
            <summary>To be added.</summary>
            <returns>To be added.</returns>
            <remarks>To be added.</remarks>
        </member>
        <member name="M:System.Xml.Linq.XElement.AncestorsAndSelf(System.Xml.Linq.XName)">
            <param name="name">To be added.</param>
            <summary>To be added.</summary>
            <returns>To be added.</returns>
            <remarks>To be added.</remarks>
        </member>
        <member name="M:System.Xml.Linq.XElement.Attribute(System.Xml.Linq.XName)">
            <param name="name">To be added.</param>
            <summary>To be added.</summary>
            <returns>To be added.</returns>
            <remarks>To be added.</remarks>
        </member>
        <member name="M:System.Xml.Linq.XElement.Attributes">
            <summary>To be added.</summary>
            <returns>To be added.</returns>
            <remarks>To be added.</remarks>
        </member>
        <member name="M:System.Xml.Linq.XElement.Attributes(System.Xml.Linq.XName)">
            <param name="name">To be added.</param>
            <summary>To be added.</summary>
            <returns>To be added.</returns>
            <remarks>To be added.</remarks>
        </member>
        <member name="M:System.Xml.Linq.XElement.DescendantNodesAndSelf">
            <summary>To be added.</summary>
            <returns>To be added.</returns>
            <remarks>To be added.</remarks>
        </member>
        <member name="M:System.Xml.Linq.XElement.DescendantsAndSelf">
            <summary>To be added.</summary>
            <returns>To be added.</returns>
            <remarks>To be added.</remarks>
        </member>
        <member name="M:System.Xml.Linq.XElement.DescendantsAndSelf(System.Xml.Linq.XName)">
            <param name="name">To be added.</param>
            <summary>To be added.</summary>
            <returns>To be added.</returns>
            <remarks>To be added.</remarks>
        </member>
        <member name="P:System.Xml.Linq.XElement.EmptySequence">
            <summary>To be added.</summary>
            <value>To be added.</value>
            <remarks>To be added.</remarks>
        </member>
        <member name="P:System.Xml.Linq.XElement.FirstAttribute">
            <summary>To be added.</summary>
            <value>To be added.</value>
            <remarks>To be added.</remarks>
        </member>
        <member name="M:System.Xml.Linq.XElement.GetDefaultNamespace">
            <summary>To be added.</summary>
            <returns>To be added.</returns>
            <remarks>To be added.</remarks>
        </member>
        <member name="M:System.Xml.Linq.XElement.GetNamespaceOfPrefix(System.String)">
            <param name="prefix">To be added.</param>
            <summary>To be added.</summary>
            <returns>To be added.</returns>
            <remarks>To be added.</remarks>
        </member>
        <member name="M:System.Xml.Linq.XElement.GetPrefixOfNamespace(System.Xml.Linq.XNamespace)">
            <param name="ns">To be added.</param>
            <summary>To be added.</summary>
            <returns>To be added.</returns>
            <remarks>To be added.</remarks>
        </member>
        <member name="P:System.Xml.Linq.XElement.HasAttributes">
            <summary>To be added.</summary>
            <value>To be added.</value>
            <remarks>To be added.</remarks>
        </member>
        <member name="P:System.Xml.Linq.XElement.HasElements">
            <summary>To be added.</summary>
            <value>To be added.</value>
            <remarks>To be added.</remarks>
        </member>
        <member name="P:System.Xml.Linq.XElement.IsEmpty">
            <summary>To be added.</summary>
            <value>To be added.</value>
            <remarks>To be added.</remarks>
        </member>
        <member name="P:System.Xml.Linq.XElement.LastAttribute">
            <summary>To be added.</summary>
            <value>To be added.</value>
            <remarks>To be added.</remarks>
        </member>
        <member name="M:System.Xml.Linq.XElement.Load(System.IO.Stream)">
            <param name="stream">To be added.</param>
            <summary>To be added.</summary>
            <returns>To be added.</returns>
            <remarks>To be added.</remarks>
        </member>
        <member name="M:System.Xml.Linq.XElement.Load(System.IO.TextReader)">
            <param name="textReader">To be added.</param>
            <summary>To be added.</summary>
            <returns>To be added.</returns>
            <remarks>To be added.</remarks>
        </member>
        <member name="M:System.Xml.Linq.XElement.Load(System.String)">
            <param name="uri">To be added.</param>
            <summary>To be added.</summary>
            <returns>To be added.</returns>
            <remarks>To be added.</remarks>
        </member>
        <member name="M:System.Xml.Linq.XElement.Load(System.Xml.XmlReader)">
            <param name="reader">To be added.</param>
            <summary>To be added.</summary>
            <returns>To be added.</returns>
            <remarks>To be added.</remarks>
        </member>
        <member name="M:System.Xml.Linq.XElement.Load(System.IO.Stream,System.Xml.Linq.LoadOptions)">
            <param name="stream">To be added.</param>
            <param name="options">To be added.</param>
            <summary>To be added.</summary>
            <returns>To be added.</returns>
            <remarks>To be added.</remarks>
        </member>
        <member name="M:System.Xml.Linq.XElement.Load(System.IO.TextReader,System.Xml.Linq.LoadOptions)">
            <param name="textReader">To be added.</param>
            <param name="options">To be added.</param>
            <summary>To be added.</summary>
            <returns>To be added.</returns>
            <remarks>To be added.</remarks>
        </member>
        <member name="M:System.Xml.Linq.XElement.Load(System.String,System.Xml.Linq.LoadOptions)">
            <param name="uri">To be added.</param>
            <param name="options">To be added.</param>
            <summary>To be added.</summary>
            <returns>To be added.</returns>
            <remarks>To be added.</remarks>
        </member>
        <member name="M:System.Xml.Linq.XElement.Load(System.Xml.XmlReader,System.Xml.Linq.LoadOptions)">
            <param name="reader">To be added.</param>
            <param name="options">To be added.</param>
            <summary>To be added.</summary>
            <returns>To be added.</returns>
            <remarks>To be added.</remarks>
        </member>
        <member name="P:System.Xml.Linq.XElement.Name">
            <summary>To be added.</summary>
            <value>To be added.</value>
            <remarks>To be added.</remarks>
        </member>
        <member name="P:System.Xml.Linq.XElement.NodeType">
            <summary>To be added.</summary>
            <value>To be added.</value>
            <remarks>To be added.</remarks>
        </member>
        <member name="M:System.Xml.Linq.XElement.op_Explicit(System.Xml.Linq.XElement)~System.Boolean">
            <param name="element">To be added.</param>
            <summary>To be added.</summary>
            <returns>To be added.</returns>
            <remarks>To be added.</remarks>
        </member>
        <member name="M:System.Xml.Linq.XElement.op_Explicit(System.Xml.Linq.XElement)~System.DateTime">
            <param name="element">To be added.</param>
            <summary>To be added.</summary>
            <returns>To be added.</returns>
            <remarks>To be added.</remarks>
        </member>
        <member name="M:System.Xml.Linq.XElement.op_Explicit(System.Xml.Linq.XElement)~System.DateTimeOffset">
            <param name="element">To be added.</param>
            <summary>To be added.</summary>
            <returns>To be added.</returns>
            <remarks>To be added.</remarks>
        </member>
        <member name="M:System.Xml.Linq.XElement.op_Explicit(System.Xml.Linq.XElement)~System.Decimal">
            <param name="element">To be added.</param>
            <summary>To be added.</summary>
            <returns>To be added.</returns>
            <remarks>To be added.</remarks>
        </member>
        <member name="M:System.Xml.Linq.XElement.op_Explicit(System.Xml.Linq.XElement)~System.Double">
            <param name="element">To be added.</param>
            <summary>To be added.</summary>
            <returns>To be added.</returns>
            <remarks>To be added.</remarks>
        </member>
        <member name="M:System.Xml.Linq.XElement.op_Explicit(System.Xml.Linq.XElement)~System.Guid">
            <param name="element">To be added.</param>
            <summary>To be added.</summary>
            <returns>To be added.</returns>
            <remarks>To be added.</remarks>
        </member>
        <member name="M:System.Xml.Linq.XElement.op_Explicit(System.Xml.Linq.XElement)~System.Int32">
            <param name="element">To be added.</param>
            <summary>To be added.</summary>
            <returns>To be added.</returns>
            <remarks>To be added.</remarks>
        </member>
        <member name="M:System.Xml.Linq.XElement.op_Explicit(System.Xml.Linq.XElement)~System.Int64">
            <param name="element">To be added.</param>
            <summary>To be added.</summary>
            <returns>To be added.</returns>
            <remarks>To be added.</remarks>
        </member>
        <member name="M:System.Xml.Linq.XElement.op_Explicit(System.Xml.Linq.XElement)~System.Nullable{System.Boolean}">
            <param name="element">To be added.</param>
            <summary>To be added.</summary>
            <returns>To be added.</returns>
            <remarks>To be added.</remarks>
        </member>
        <member name="M:System.Xml.Linq.XElement.op_Explicit(System.Xml.Linq.XElement)~System.Nullable{System.DateTime}">
            <param name="element">To be added.</param>
            <summary>To be added.</summary>
            <returns>To be added.</returns>
            <remarks>To be added.</remarks>
        </member>
        <member name="M:System.Xml.Linq.XElement.op_Explicit(System.Xml.Linq.XElement)~System.Nullable{System.DateTimeOffset}">
            <param name="element">To be added.</param>
            <summary>To be added.</summary>
            <returns>To be added.</returns>
            <remarks>To be added.</remarks>
        </member>
        <member name="M:System.Xml.Linq.XElement.op_Explicit(System.Xml.Linq.XElement)~System.Nullable{System.Decimal}">
            <param name="element">To be added.</param>
            <summary>To be added.</summary>
            <returns>To be added.</returns>
            <remarks>To be added.</remarks>
        </member>
        <member name="M:System.Xml.Linq.XElement.op_Explicit(System.Xml.Linq.XElement)~System.Nullable{System.Double}">
            <param name="element">To be added.</param>
            <summary>To be added.</summary>
            <returns>To be added.</returns>
            <remarks>To be added.</remarks>
        </member>
        <member name="M:System.Xml.Linq.XElement.op_Explicit(System.Xml.Linq.XElement)~System.Nullable{System.Guid}">
            <param name="element">To be added.</param>
            <summary>To be added.</summary>
            <returns>To be added.</returns>
            <remarks>To be added.</remarks>
        </member>
        <member name="M:System.Xml.Linq.XElement.op_Explicit(System.Xml.Linq.XElement)~System.Nullable{System.Int32}">
            <param name="element">To be added.</param>
            <summary>To be added.</summary>
            <returns>To be added.</returns>
            <remarks>To be added.</remarks>
        </member>
        <member name="M:System.Xml.Linq.XElement.op_Explicit(System.Xml.Linq.XElement)~System.Nullable{System.Int64}">
            <param name="element">To be added.</param>
            <summary>To be added.</summary>
            <returns>To be added.</returns>
            <remarks>To be added.</remarks>
        </member>
        <member name="M:System.Xml.Linq.XElement.op_Explicit(System.Xml.Linq.XElement)~System.Nullable{System.Single}">
            <param name="element">To be added.</param>
            <summary>To be added.</summary>
            <returns>To be added.</returns>
            <remarks>To be added.</remarks>
        </member>
        <member name="M:System.Xml.Linq.XElement.op_Explicit(System.Xml.Linq.XElement)~System.Nullable{System.TimeSpan}">
            <param name="element">To be added.</param>
            <summary>To be added.</summary>
            <returns>To be added.</returns>
            <remarks>To be added.</remarks>
        </member>
        <member name="M:System.Xml.Linq.XElement.op_Explicit(System.Xml.Linq.XElement)~System.Nullable{System.UInt32}">
            <param name="element">To be added.</param>
            <summary>To be added.</summary>
            <returns>To be added.</returns>
            <remarks>To be added.</remarks>
        </member>
        <member name="M:System.Xml.Linq.XElement.op_Explicit(System.Xml.Linq.XElement)~System.Nullable{System.UInt64}">
            <param name="element">To be added.</param>
            <summary>To be added.</summary>
            <returns>To be added.</returns>
            <remarks>To be added.</remarks>
        </member>
        <member name="M:System.Xml.Linq.XElement.op_Explicit(System.Xml.Linq.XElement)~System.Single">
            <param name="element">To be added.</param>
            <summary>To be added.</summary>
            <returns>To be added.</returns>
            <remarks>To be added.</remarks>
        </member>
        <member name="M:System.Xml.Linq.XElement.op_Explicit(System.Xml.Linq.XElement)~System.String">
            <param name="element">To be added.</param>
            <summary>To be added.</summary>
            <returns>To be added.</returns>
            <remarks>To be added.</remarks>
        </member>
        <member name="M:System.Xml.Linq.XElement.op_Explicit(System.Xml.Linq.XElement)~System.TimeSpan">
            <param name="element">To be added.</param>
            <summary>To be added.</summary>
            <returns>To be added.</returns>
            <remarks>To be added.</remarks>
        </member>
        <member name="M:System.Xml.Linq.XElement.op_Explicit(System.Xml.Linq.XElement)~System.UInt32">
            <param name="element">To be added.</param>
            <summary>To be added.</summary>
            <returns>To be added.</returns>
            <remarks>To be added.</remarks>
        </member>
        <member name="M:System.Xml.Linq.XElement.op_Explicit(System.Xml.Linq.XElement)~System.UInt64">
            <param name="element">To be added.</param>
            <summary>To be added.</summary>
            <returns>To be added.</returns>
            <remarks>To be added.</remarks>
        </member>
        <member name="M:System.Xml.Linq.XElement.Parse(System.String)">
            <param name="text">To be added.</param>
            <summary>To be added.</summary>
            <returns>To be added.</returns>
            <remarks>To be added.</remarks>
        </member>
        <member name="M:System.Xml.Linq.XElement.Parse(System.String,System.Xml.Linq.LoadOptions)">
            <param name="text">To be added.</param>
            <param name="options">To be added.</param>
            <summary>To be added.</summary>
            <returns>To be added.</returns>
            <remarks>To be added.</remarks>
        </member>
        <member name="M:System.Xml.Linq.XElement.RemoveAll">
            <summary>To be added.</summary>
            <remarks>To be added.</remarks>
        </member>
        <member name="M:System.Xml.Linq.XElement.RemoveAttributes">
            <summary>To be added.</summary>
            <remarks>To be added.</remarks>
        </member>
        <member name="M:System.Xml.Linq.XElement.ReplaceAll(System.Object)">
            <param name="content">To be added.</param>
            <summary>To be added.</summary>
            <remarks>To be added.</remarks>
        </member>
        <member name="M:System.Xml.Linq.XElement.ReplaceAll(System.Object[])">
            <param name="content">To be added.</param>
            <summary>To be added.</summary>
            <remarks>To be added.</remarks>
        </member>
        <member name="M:System.Xml.Linq.XElement.ReplaceAttributes(System.Object)">
            <param name="content">To be added.</param>
            <summary>To be added.</summary>
            <remarks>To be added.</remarks>
        </member>
        <member name="M:System.Xml.Linq.XElement.ReplaceAttributes(System.Object[])">
            <param name="content">To be added.</param>
            <summary>To be added.</summary>
            <remarks>To be added.</remarks>
        </member>
        <member name="M:System.Xml.Linq.XElement.Save(System.IO.Stream)">
            <param name="stream">To be added.</param>
            <summary>To be added.</summary>
            <remarks>To be added.</remarks>
        </member>
        <member name="M:System.Xml.Linq.XElement.Save(System.IO.TextWriter)">
            <param name="textWriter">To be added.</param>
            <summary>To be added.</summary>
            <remarks>To be added.</remarks>
        </member>
        <member name="M:System.Xml.Linq.XElement.Save(System.String)">
            <param name="fileName">To be added.</param>
            <summary>To be added.</summary>
            <remarks>To be added.</remarks>
        </member>
        <member name="M:System.Xml.Linq.XElement.Save(System.Xml.XmlWriter)">
            <param name="writer">To be added.</param>
            <summary>To be added.</summary>
            <remarks>To be added.</remarks>
        </member>
        <member name="M:System.Xml.Linq.XElement.Save(System.IO.Stream,System.Xml.Linq.SaveOptions)">
            <param name="stream">To be added.</param>
            <param name="options">To be added.</param>
            <summary>To be added.</summary>
            <remarks>To be added.</remarks>
        </member>
        <member name="M:System.Xml.Linq.XElement.Save(System.IO.TextWriter,System.Xml.Linq.SaveOptions)">
            <param name="textWriter">To be added.</param>
            <param name="options">To be added.</param>
            <summary>To be added.</summary>
            <remarks>To be added.</remarks>
        </member>
        <member name="M:System.Xml.Linq.XElement.Save(System.String,System.Xml.Linq.SaveOptions)">
            <param name="fileName">To be added.</param>
            <param name="options">To be added.</param>
            <summary>To be added.</summary>
            <remarks>To be added.</remarks>
        </member>
        <member name="M:System.Xml.Linq.XElement.SetAttributeValue(System.Xml.Linq.XName,System.Object)">
            <param name="name">To be added.</param>
            <param name="value">To be added.</param>
            <summary>To be added.</summary>
            <remarks>To be added.</remarks>
        </member>
        <member name="M:System.Xml.Linq.XElement.SetElementValue(System.Xml.Linq.XName,System.Object)">
            <param name="name">To be added.</param>
            <param name="value">To be added.</param>
            <summary>To be added.</summary>
            <remarks>To be added.</remarks>
        </member>
        <member name="M:System.Xml.Linq.XElement.SetValue(System.Object)">
            <param name="value">To be added.</param>
            <summary>To be added.</summary>
            <remarks>To be added.</remarks>
        </member>
        <member name="M:System.Xml.Linq.XElement.System#Xml#Serialization#IXmlSerializable#GetSchema">
            <summary>To be added.</summary>
            <returns>To be added.</returns>
            <remarks>To be added.</remarks>
        </member>
        <member name="M:System.Xml.Linq.XElement.System#Xml#Serialization#IXmlSerializable#ReadXml(System.Xml.XmlReader)">
            <param name="reader">To be added.</param>
            <summary>To be added.</summary>
            <remarks>To be added.</remarks>
        </member>
        <member name="M:System.Xml.Linq.XElement.System#Xml#Serialization#IXmlSerializable#WriteXml(System.Xml.XmlWriter)">
            <param name="writer">To be added.</param>
            <summary>To be added.</summary>
            <remarks>To be added.</remarks>
        </member>
        <member name="P:System.Xml.Linq.XElement.Value">
            <summary>To be added.</summary>
            <value>To be added.</value>
            <remarks>To be added.</remarks>
        </member>
        <member name="M:System.Xml.Linq.XElement.WriteTo(System.Xml.XmlWriter)">
            <param name="writer">To be added.</param>
            <summary>To be added.</summary>
            <remarks>To be added.</remarks>
        </member>
        <member name="T:System.Xml.Linq.XName">
            <summary>To be added.</summary>
            <remarks>To be added.</remarks>
        </member>
        <member name="M:System.Xml.Linq.XName.Equals(System.Object)">
            <param name="obj">To be added.</param>
            <summary>To be added.</summary>
            <returns>To be added.</returns>
            <remarks>To be added.</remarks>
        </member>
        <member name="M:System.Xml.Linq.XName.Get(System.String)">
            <param name="expandedName">To be added.</param>
            <summary>To be added.</summary>
            <returns>To be added.</returns>
            <remarks>To be added.</remarks>
        </member>
        <member name="M:System.Xml.Linq.XName.Get(System.String,System.String)">
            <param name="localName">To be added.</param>
            <param name="namespaceName">To be added.</param>
            <summary>To be added.</summary>
            <returns>To be added.</returns>
            <remarks>To be added.</remarks>
        </member>
        <member name="M:System.Xml.Linq.XName.GetHashCode">
            <summary>To be added.</summary>
            <returns>To be added.</returns>
            <remarks>To be added.</remarks>
        </member>
        <member name="P:System.Xml.Linq.XName.LocalName">
            <summary>To be added.</summary>
            <value>To be added.</value>
            <remarks>To be added.</remarks>
        </member>
        <member name="P:System.Xml.Linq.XName.Namespace">
            <summary>To be added.</summary>
            <value>To be added.</value>
            <remarks>To be added.</remarks>
        </member>
        <member name="P:System.Xml.Linq.XName.NamespaceName">
            <summary>To be added.</summary>
            <value>To be added.</value>
            <remarks>To be added.</remarks>
        </member>
        <member name="M:System.Xml.Linq.XName.op_Equality(System.Xml.Linq.XName,System.Xml.Linq.XName)">
            <param name="left">To be added.</param>
            <param name="right">To be added.</param>
            <summary>To be added.</summary>
            <returns>To be added.</returns>
            <remarks>To be added.</remarks>
        </member>
        <member name="M:System.Xml.Linq.XName.op_Implicit(System.String)~System.Xml.Linq.XName">
            <param name="expandedName">To be added.</param>
            <summary>To be added.</summary>
            <returns>To be added.</returns>
            <remarks>To be added.</remarks>
        </member>
        <member name="M:System.Xml.Linq.XName.op_Inequality(System.Xml.Linq.XName,System.Xml.Linq.XName)">
            <param name="left">To be added.</param>
            <param name="right">To be added.</param>
            <summary>To be added.</summary>
            <returns>To be added.</returns>
            <remarks>To be added.</remarks>
        </member>
        <member name="M:System.Xml.Linq.XName.System#IEquatable{System#Xml#Linq#XName}#Equals(System.Xml.Linq.XName)">
            <param name="other">To be added.</param>
            <summary>To be added.</summary>
            <returns>To be added.</returns>
            <remarks>To be added.</remarks>
        </member>
        <member name="M:System.Xml.Linq.XName.System#Runtime#Serialization#ISerializable#GetObjectData(System.Runtime.Serialization.SerializationInfo,System.Runtime.Serialization.StreamingContext)">
            <param name="info">To be added.</param>
            <param name="context">To be added.</param>
            <summary>To be added.</summary>
            <remarks>To be added.</remarks>
        </member>
        <member name="M:System.Xml.Linq.XName.ToString">
            <summary>To be added.</summary>
            <returns>To be added.</returns>
            <remarks>To be added.</remarks>
        </member>
        <member name="T:System.Xml.Linq.XNamespace">
            <summary>To be added.</summary>
            <remarks>To be added.</remarks>
        </member>
        <member name="M:System.Xml.Linq.XNamespace.Equals(System.Object)">
            <param name="obj">To be added.</param>
            <summary>To be added.</summary>
            <returns>To be added.</returns>
            <remarks>To be added.</remarks>
        </member>
        <member name="M:System.Xml.Linq.XNamespace.Get(System.String)">
            <param name="namespaceName">To be added.</param>
            <summary>To be added.</summary>
            <returns>To be added.</returns>
            <remarks>To be added.</remarks>
        </member>
        <member name="M:System.Xml.Linq.XNamespace.GetHashCode">
            <summary>To be added.</summary>
            <returns>To be added.</returns>
            <remarks>To be added.</remarks>
        </member>
        <member name="M:System.Xml.Linq.XNamespace.GetName(System.String)">
            <param name="localName">To be added.</param>
            <summary>To be added.</summary>
            <returns>To be added.</returns>
            <remarks>To be added.</remarks>
        </member>
        <member name="P:System.Xml.Linq.XNamespace.NamespaceName">
            <summary>To be added.</summary>
            <value>To be added.</value>
            <remarks>To be added.</remarks>
        </member>
        <member name="P:System.Xml.Linq.XNamespace.None">
            <summary>To be added.</summary>
            <value>To be added.</value>
            <remarks>To be added.</remarks>
        </member>
        <member name="M:System.Xml.Linq.XNamespace.op_Addition(System.Xml.Linq.XNamespace,System.String)">
            <param name="ns">To be added.</param>
            <param name="localName">To be added.</param>
            <summary>To be added.</summary>
            <returns>To be added.</returns>
            <remarks>To be added.</remarks>
        </member>
        <member name="M:System.Xml.Linq.XNamespace.op_Equality(System.Xml.Linq.XNamespace,System.Xml.Linq.XNamespace)">
            <param name="left">To be added.</param>
            <param name="right">To be added.</param>
            <summary>To be added.</summary>
            <returns>To be added.</returns>
            <remarks>To be added.</remarks>
        </member>
        <member name="M:System.Xml.Linq.XNamespace.op_Implicit(System.String)~System.Xml.Linq.XNamespace">
            <param name="namespaceName">To be added.</param>
            <summary>To be added.</summary>
            <returns>To be added.</returns>
            <remarks>To be added.</remarks>
        </member>
        <member name="M:System.Xml.Linq.XNamespace.op_Inequality(System.Xml.Linq.XNamespace,System.Xml.Linq.XNamespace)">
            <param name="left">To be added.</param>
            <param name="right">To be added.</param>
            <summary>To be added.</summary>
            <returns>To be added.</returns>
            <remarks>To be added.</remarks>
        </member>
        <member name="M:System.Xml.Linq.XNamespace.ToString">
            <summary>To be added.</summary>
            <returns>To be added.</returns>
            <remarks>To be added.</remarks>
        </member>
        <member name="P:System.Xml.Linq.XNamespace.Xml">
            <summary>To be added.</summary>
            <value>To be added.</value>
            <remarks>To be added.</remarks>
        </member>
        <member name="P:System.Xml.Linq.XNamespace.Xmlns">
            <summary>To be added.</summary>
            <value>To be added.</value>
            <remarks>To be added.</remarks>
        </member>
        <member name="T:System.Xml.Linq.XNode">
            <summary>To be added.</summary>
            <remarks>To be added.</remarks>
        </member>
        <member name="M:System.Xml.Linq.XNode.AddAfterSelf(System.Object)">
            <param name="content">To be added.</param>
            <summary>To be added.</summary>
            <remarks>To be added.</remarks>
        </member>
        <member name="M:System.Xml.Linq.XNode.AddAfterSelf(System.Object[])">
            <param name="content">To be added.</param>
            <summary>To be added.</summary>
            <remarks>To be added.</remarks>
        </member>
        <member name="M:System.Xml.Linq.XNode.AddBeforeSelf(System.Object)">
            <param name="content">To be added.</param>
            <summary>To be added.</summary>
            <remarks>To be added.</remarks>
        </member>
        <member name="M:System.Xml.Linq.XNode.AddBeforeSelf(System.Object[])">
            <param name="content">To be added.</param>
            <summary>To be added.</summary>
            <remarks>To be added.</remarks>
        </member>
        <member name="M:System.Xml.Linq.XNode.Ancestors">
            <summary>To be added.</summary>
            <returns>To be added.</returns>
            <remarks>To be added.</remarks>
        </member>
        <member name="M:System.Xml.Linq.XNode.Ancestors(System.Xml.Linq.XName)">
            <param name="name">To be added.</param>
            <summary>To be added.</summary>
            <returns>To be added.</returns>
            <remarks>To be added.</remarks>
        </member>
        <member name="M:System.Xml.Linq.XNode.CompareDocumentOrder(System.Xml.Linq.XNode,System.Xml.Linq.XNode)">
            <param name="n1">To be added.</param>
            <param name="n2">To be added.</param>
            <summary>To be added.</summary>
            <returns>To be added.</returns>
            <remarks>To be added.</remarks>
        </member>
        <member name="M:System.Xml.Linq.XNode.CreateReader">
            <summary>To be added.</summary>
            <returns>To be added.</returns>
            <remarks>To be added.</remarks>
        </member>
        <member name="M:System.Xml.Linq.XNode.CreateReader(System.Xml.Linq.ReaderOptions)">
            <param name="readerOptions">To be added.</param>
            <summary>To be added.</summary>
            <returns>To be added.</returns>
            <remarks>To be added.</remarks>
        </member>
        <member name="M:System.Xml.Linq.XNode.DeepEquals(System.Xml.Linq.XNode,System.Xml.Linq.XNode)">
            <param name="n1">To be added.</param>
            <param name="n2">To be added.</param>
            <summary>To be added.</summary>
            <returns>To be added.</returns>
            <remarks>To be added.</remarks>
        </member>
        <member name="P:System.Xml.Linq.XNode.DocumentOrderComparer">
            <summary>To be added.</summary>
            <value>To be added.</value>
            <remarks>To be added.</remarks>
        </member>
        <member name="M:System.Xml.Linq.XNode.ElementsAfterSelf">
            <summary>To be added.</summary>
            <returns>To be added.</returns>
            <remarks>To be added.</remarks>
        </member>
        <member name="M:System.Xml.Linq.XNode.ElementsAfterSelf(System.Xml.Linq.XName)">
            <param name="name">To be added.</param>
            <summary>To be added.</summary>
            <returns>To be added.</returns>
            <remarks>To be added.</remarks>
        </member>
        <member name="M:System.Xml.Linq.XNode.ElementsBeforeSelf">
            <summary>To be added.</summary>
            <returns>To be added.</returns>
            <remarks>To be added.</remarks>
        </member>
        <member name="M:System.Xml.Linq.XNode.ElementsBeforeSelf(System.Xml.Linq.XName)">
            <param name="name">To be added.</param>
            <summary>To be added.</summary>
            <returns>To be added.</returns>
            <remarks>To be added.</remarks>
        </member>
        <member name="P:System.Xml.Linq.XNode.EqualityComparer">
            <summary>To be added.</summary>
            <value>To be added.</value>
            <remarks>To be added.</remarks>
        </member>
        <member name="M:System.Xml.Linq.XNode.IsAfter(System.Xml.Linq.XNode)">
            <param name="node">To be added.</param>
            <summary>To be added.</summary>
            <returns>To be added.</returns>
            <remarks>To be added.</remarks>
        </member>
        <member name="M:System.Xml.Linq.XNode.IsBefore(System.Xml.Linq.XNode)">
            <param name="node">To be added.</param>
            <summary>To be added.</summary>
            <returns>To be added.</returns>
            <remarks>To be added.</remarks>
        </member>
        <member name="P:System.Xml.Linq.XNode.NextNode">
            <summary>To be added.</summary>
            <value>To be added.</value>
            <remarks>To be added.</remarks>
        </member>
        <member name="M:System.Xml.Linq.XNode.NodesAfterSelf">
            <summary>To be added.</summary>
            <returns>To be added.</returns>
            <remarks>To be added.</remarks>
        </member>
        <member name="M:System.Xml.Linq.XNode.NodesBeforeSelf">
            <summary>To be added.</summary>
            <returns>To be added.</returns>
            <remarks>To be added.</remarks>
        </member>
        <member name="P:System.Xml.Linq.XNode.PreviousNode">
            <summary>To be added.</summary>
            <value>To be added.</value>
            <remarks>To be added.</remarks>
        </member>
        <member name="M:System.Xml.Linq.XNode.ReadFrom(System.Xml.XmlReader)">
            <param name="reader">To be added.</param>
            <summary>To be added.</summary>
            <returns>To be added.</returns>
            <remarks>To be added.</remarks>
        </member>
        <member name="M:System.Xml.Linq.XNode.Remove">
            <summary>To be added.</summary>
            <remarks>To be added.</remarks>
        </member>
        <member name="M:System.Xml.Linq.XNode.ReplaceWith(System.Object)">
            <param name="content">To be added.</param>
            <summary>To be added.</summary>
            <remarks>To be added.</remarks>
        </member>
        <member name="M:System.Xml.Linq.XNode.ReplaceWith(System.Object[])">
            <param name="content">To be added.</param>
            <summary>To be added.</summary>
            <remarks>To be added.</remarks>
        </member>
        <member name="M:System.Xml.Linq.XNode.ToString">
            <summary>To be added.</summary>
            <returns>To be added.</returns>
            <remarks>To be added.</remarks>
        </member>
        <member name="M:System.Xml.Linq.XNode.ToString(System.Xml.Linq.SaveOptions)">
            <param name="options">To be added.</param>
            <summary>To be added.</summary>
            <returns>To be added.</returns>
            <remarks>To be added.</remarks>
        </member>
        <member name="M:System.Xml.Linq.XNode.WriteTo(System.Xml.XmlWriter)">
            <param name="writer">To be added.</param>
            <summary>To be added.</summary>
            <remarks>To be added.</remarks>
        </member>
        <member name="T:System.Xml.Linq.XNodeDocumentOrderComparer">
            <summary>To be added.</summary>
            <remarks>To be added.</remarks>
        </member>
        <member name="C:System.Xml.Linq.XNodeDocumentOrderComparer">
            <summary>To be added.</summary>
            <remarks>To be added.</remarks>
        </member>
        <member name="M:System.Xml.Linq.XNodeDocumentOrderComparer.Compare(System.Xml.Linq.XNode,System.Xml.Linq.XNode)">
            <param name="x">To be added.</param>
            <param name="y">To be added.</param>
            <summary>To be added.</summary>
            <returns>To be added.</returns>
            <remarks>To be added.</remarks>
        </member>
        <member name="M:System.Xml.Linq.XNodeDocumentOrderComparer.System#Collections#IComparer#Compare(System.Object,System.Object)">
            <param name="x">To be added.</param>
            <param name="y">To be added.</param>
            <summary>To be added.</summary>
            <returns>To be added.</returns>
            <remarks>To be added.</remarks>
        </member>
        <member name="T:System.Xml.Linq.XNodeEqualityComparer">
            <summary>To be added.</summary>
            <remarks>To be added.</remarks>
        </member>
        <member name="C:System.Xml.Linq.XNodeEqualityComparer">
            <summary>To be added.</summary>
            <remarks>To be added.</remarks>
        </member>
        <member name="M:System.Xml.Linq.XNodeEqualityComparer.Equals(System.Xml.Linq.XNode,System.Xml.Linq.XNode)">
            <param name="x">To be added.</param>
            <param name="y">To be added.</param>
            <summary>To be added.</summary>
            <returns>To be added.</returns>
            <remarks>To be added.</remarks>
        </member>
        <member name="M:System.Xml.Linq.XNodeEqualityComparer.GetHashCode(System.Xml.Linq.XNode)">
            <param name="obj">To be added.</param>
            <summary>To be added.</summary>
            <returns>To be added.</returns>
            <remarks>To be added.</remarks>
        </member>
        <member name="M:System.Xml.Linq.XNodeEqualityComparer.System#Collections#IEqualityComparer#Equals(System.Object,System.Object)">
            <param name="x">To be added.</param>
            <param name="y">To be added.</param>
            <summary>To be added.</summary>
            <returns>To be added.</returns>
            <remarks>To be added.</remarks>
        </member>
        <member name="M:System.Xml.Linq.XNodeEqualityComparer.System#Collections#IEqualityComparer#GetHashCode(System.Object)">
            <param name="obj">To be added.</param>
            <summary>To be added.</summary>
            <returns>To be added.</returns>
            <remarks>To be added.</remarks>
        </member>
        <member name="T:System.Xml.Linq.XObject">
            <summary>To be added.</summary>
            <remarks>To be added.</remarks>
        </member>
        <member name="M:System.Xml.Linq.XObject.AddAnnotation(System.Object)">
            <param name="annotation">To be added.</param>
            <summary>To be added.</summary>
            <remarks>To be added.</remarks>
        </member>
        <member name="M:System.Xml.Linq.XObject.Annotation(System.Type)">
            <param name="type">To be added.</param>
            <summary>To be added.</summary>
            <returns>To be added.</returns>
            <remarks>To be added.</remarks>
        </member>
        <member name="M:System.Xml.Linq.XObject.Annotation``1">
            <typeparam name="T">To be added.</typeparam>
            <summary>To be added.</summary>
            <returns>To be added.</returns>
            <remarks>To be added.</remarks>
        </member>
        <member name="M:System.Xml.Linq.XObject.Annotations(System.Type)">
            <param name="type">To be added.</param>
            <summary>To be added.</summary>
            <returns>To be added.</returns>
            <remarks>To be added.</remarks>
        </member>
        <member name="M:System.Xml.Linq.XObject.Annotations``1">
            <typeparam name="T">To be added.</typeparam>
            <summary>To be added.</summary>
            <returns>To be added.</returns>
            <remarks>To be added.</remarks>
        </member>
        <member name="P:System.Xml.Linq.XObject.BaseUri">
            <summary>To be added.</summary>
            <value>To be added.</value>
            <remarks>To be added.</remarks>
        </member>
        <member name="E:System.Xml.Linq.XObject.Changed">
            <summary>To be added.</summary>
            <remarks>To be added.</remarks>
        </member>
        <member name="E:System.Xml.Linq.XObject.Changing">
            <summary>To be added.</summary>
            <remarks>To be added.</remarks>
        </member>
        <member name="P:System.Xml.Linq.XObject.Document">
            <summary>To be added.</summary>
            <value>To be added.</value>
            <remarks>To be added.</remarks>
        </member>
        <member name="P:System.Xml.Linq.XObject.NodeType">
            <summary>To be added.</summary>
            <value>To be added.</value>
            <remarks>To be added.</remarks>
        </member>
        <member name="P:System.Xml.Linq.XObject.Parent">
            <summary>To be added.</summary>
            <value>To be added.</value>
            <remarks>To be added.</remarks>
        </member>
        <member name="M:System.Xml.Linq.XObject.RemoveAnnotations(System.Type)">
            <param name="type">To be added.</param>
            <summary>To be added.</summary>
            <remarks>To be added.</remarks>
        </member>
        <member name="M:System.Xml.Linq.XObject.RemoveAnnotations``1">
            <typeparam name="T">To be added.</typeparam>
            <summary>To be added.</summary>
            <remarks>To be added.</remarks>
        </member>
        <member name="M:System.Xml.Linq.XObject.System#Xml#IXmlLineInfo#HasLineInfo">
            <summary>To be added.</summary>
            <returns>To be added.</returns>
            <remarks>To be added.</remarks>
        </member>
        <member name="P:System.Xml.Linq.XObject.System#Xml#IXmlLineInfo#LineNumber">
            <summary>To be added.</summary>
            <value>To be added.</value>
            <remarks>To be added.</remarks>
        </member>
        <member name="P:System.Xml.Linq.XObject.System#Xml#IXmlLineInfo#LinePosition">
            <summary>To be added.</summary>
            <value>To be added.</value>
            <remarks>To be added.</remarks>
        </member>
        <member name="T:System.Xml.Linq.XObjectChange">
            <summary>To be added.</summary>
            <remarks>To be added.</remarks>
        </member>
        <member name="F:System.Xml.Linq.XObjectChange.Add">
            <summary>To be added.</summary>
        </member>
        <member name="F:System.Xml.Linq.XObjectChange.Name">
            <summary>To be added.</summary>
        </member>
        <member name="F:System.Xml.Linq.XObjectChange.Remove">
            <summary>To be added.</summary>
        </member>
        <member name="F:System.Xml.Linq.XObjectChange.Value">
            <summary>To be added.</summary>
        </member>
        <member name="T:System.Xml.Linq.XObjectChangeEventArgs">
            <summary>To be added.</summary>
            <remarks>To be added.</remarks>
        </member>
        <member name="C:System.Xml.Linq.XObjectChangeEventArgs(System.Xml.Linq.XObjectChange)">
            <param name="objectChange">To be added.</param>
            <summary>To be added.</summary>
            <remarks>To be added.</remarks>
        </member>
        <member name="F:System.Xml.Linq.XObjectChangeEventArgs.Add">
            <summary>To be added.</summary>
            <remarks>To be added.</remarks>
        </member>
        <member name="F:System.Xml.Linq.XObjectChangeEventArgs.Name">
            <summary>To be added.</summary>
            <remarks>To be added.</remarks>
        </member>
        <member name="P:System.Xml.Linq.XObjectChangeEventArgs.ObjectChange">
            <summary>To be added.</summary>
            <value>To be added.</value>
            <remarks>To be added.</remarks>
        </member>
        <member name="F:System.Xml.Linq.XObjectChangeEventArgs.Remove">
            <summary>To be added.</summary>
            <remarks>To be added.</remarks>
        </member>
        <member name="F:System.Xml.Linq.XObjectChangeEventArgs.Value">
            <summary>To be added.</summary>
            <remarks>To be added.</remarks>
        </member>
        <member name="T:System.Xml.Linq.XProcessingInstruction">
            <summary>To be added.</summary>
            <remarks>To be added.</remarks>
        </member>
        <member name="C:System.Xml.Linq.XProcessingInstruction(System.Xml.Linq.XProcessingInstruction)">
            <param name="other">To be added.</param>
            <summary>To be added.</summary>
            <remarks>To be added.</remarks>
        </member>
        <member name="C:System.Xml.Linq.XProcessingInstruction(System.String,System.String)">
            <param name="target">To be added.</param>
            <param name="data">To be added.</param>
            <summary>To be added.</summary>
            <remarks>To be added.</remarks>
        </member>
        <member name="P:System.Xml.Linq.XProcessingInstruction.Data">
            <summary>To be added.</summary>
            <value>To be added.</value>
            <remarks>To be added.</remarks>
        </member>
        <member name="P:System.Xml.Linq.XProcessingInstruction.NodeType">
            <summary>To be added.</summary>
            <value>To be added.</value>
            <remarks>To be added.</remarks>
        </member>
        <member name="P:System.Xml.Linq.XProcessingInstruction.Target">
            <summary>To be added.</summary>
            <value>To be added.</value>
            <remarks>To be added.</remarks>
        </member>
        <member name="M:System.Xml.Linq.XProcessingInstruction.WriteTo(System.Xml.XmlWriter)">
            <param name="writer">To be added.</param>
            <summary>To be added.</summary>
            <remarks>To be added.</remarks>
        </member>
        <member name="T:System.Xml.Linq.XStreamingElement">
            <summary>To be added.</summary>
            <remarks>To be added.</remarks>
        </member>
        <member name="C:System.Xml.Linq.XStreamingElement(System.Xml.Linq.XName)">
            <param name="name">To be added.</param>
            <summary>To be added.</summary>
            <remarks>To be added.</remarks>
        </member>
        <member name="C:System.Xml.Linq.XStreamingElement(System.Xml.Linq.XName,System.Object)">
            <param name="name">To be added.</param>
            <param name="content">To be added.</param>
            <summary>To be added.</summary>
            <remarks>To be added.</remarks>
        </member>
        <member name="C:System.Xml.Linq.XStreamingElement(System.Xml.Linq.XName,System.Object[])">
            <param name="name">To be added.</param>
            <param name="content">To be added.</param>
            <summary>To be added.</summary>
            <remarks>To be added.</remarks>
        </member>
        <member name="M:System.Xml.Linq.XStreamingElement.Add(System.Object)">
            <param name="content">To be added.</param>
            <summary>To be added.</summary>
            <remarks>To be added.</remarks>
        </member>
        <member name="M:System.Xml.Linq.XStreamingElement.Add(System.Object[])">
            <param name="content">To be added.</param>
            <summary>To be added.</summary>
            <remarks>To be added.</remarks>
        </member>
        <member name="P:System.Xml.Linq.XStreamingElement.Name">
            <summary>To be added.</summary>
            <value>To be added.</value>
            <remarks>To be added.</remarks>
        </member>
        <member name="M:System.Xml.Linq.XStreamingElement.Save(System.IO.Stream)">
            <param name="stream">To be added.</param>
            <summary>To be added.</summary>
            <remarks>To be added.</remarks>
        </member>
        <member name="M:System.Xml.Linq.XStreamingElement.Save(System.IO.TextWriter)">
            <param name="textWriter">To be added.</param>
            <summary>To be added.</summary>
            <remarks>To be added.</remarks>
        </member>
        <member name="M:System.Xml.Linq.XStreamingElement.Save(System.String)">
            <param name="fileName">To be added.</param>
            <summary>To be added.</summary>
            <remarks>To be added.</remarks>
        </member>
        <member name="M:System.Xml.Linq.XStreamingElement.Save(System.Xml.XmlWriter)">
            <param name="writer">To be added.</param>
            <summary>To be added.</summary>
            <remarks>To be added.</remarks>
        </member>
        <member name="M:System.Xml.Linq.XStreamingElement.Save(System.IO.Stream,System.Xml.Linq.SaveOptions)">
            <param name="stream">To be added.</param>
            <param name="options">To be added.</param>
            <summary>To be added.</summary>
            <remarks>To be added.</remarks>
        </member>
        <member name="M:System.Xml.Linq.XStreamingElement.Save(System.IO.TextWriter,System.Xml.Linq.SaveOptions)">
            <param name="textWriter">To be added.</param>
            <param name="options">To be added.</param>
            <summary>To be added.</summary>
            <remarks>To be added.</remarks>
        </member>
        <member name="M:System.Xml.Linq.XStreamingElement.Save(System.String,System.Xml.Linq.SaveOptions)">
            <param name="fileName">To be added.</param>
            <param name="options">To be added.</param>
            <summary>To be added.</summary>
            <remarks>To be added.</remarks>
        </member>
        <member name="M:System.Xml.Linq.XStreamingElement.ToString">
            <summary>To be added.</summary>
            <returns>To be added.</returns>
            <remarks>To be added.</remarks>
        </member>
        <member name="M:System.Xml.Linq.XStreamingElement.ToString(System.Xml.Linq.SaveOptions)">
            <param name="options">To be added.</param>
            <summary>To be added.</summary>
            <returns>To be added.</returns>
            <remarks>To be added.</remarks>
        </member>
        <member name="M:System.Xml.Linq.XStreamingElement.WriteTo(System.Xml.XmlWriter)">
            <param name="writer">To be added.</param>
            <summary>To be added.</summary>
            <remarks>To be added.</remarks>
        </member>
        <member name="T:System.Xml.Linq.XText">
            <summary>To be added.</summary>
            <remarks>To be added.</remarks>
        </member>
        <member name="C:System.Xml.Linq.XText(System.String)">
            <param name="value">To be added.</param>
            <summary>To be added.</summary>
            <remarks>To be added.</remarks>
        </member>
        <member name="C:System.Xml.Linq.XText(System.Xml.Linq.XText)">
            <param name="other">To be added.</param>
            <summary>To be added.</summary>
            <remarks>To be added.</remarks>
        </member>
        <member name="P:System.Xml.Linq.XText.NodeType">
            <summary>To be added.</summary>
            <value>To be added.</value>
            <remarks>To be added.</remarks>
        </member>
        <member name="P:System.Xml.Linq.XText.Value">
            <summary>To be added.</summary>
            <value>To be added.</value>
            <remarks>To be added.</remarks>
        </member>
        <member name="M:System.Xml.Linq.XText.WriteTo(System.Xml.XmlWriter)">
            <param name="writer">To be added.</param>
            <summary>To be added.</summary>
            <remarks>To be added.</remarks>
        </member>
        <member name="T:System.Xml.Schema.Extensions">
            <summary>To be added.</summary>
            <remarks>To be added.</remarks>
        </member>
        <member name="M:System.Xml.Schema.Extensions.GetSchemaInfo(System.Xml.Linq.XAttribute)">
            <param name="source">To be added.</param>
            <summary>To be added.</summary>
            <returns>To be added.</returns>
            <remarks>To be added.</remarks>
        </member>
        <member name="M:System.Xml.Schema.Extensions.GetSchemaInfo(System.Xml.Linq.XElement)">
            <param name="source">To be added.</param>
            <summary>To be added.</summary>
            <returns>To be added.</returns>
            <remarks>To be added.</remarks>
        </member>
        <member name="M:System.Xml.Schema.Extensions.Validate(System.Xml.Linq.XDocument,System.Xml.Schema.XmlSchemaSet,System.Xml.Schema.ValidationEventHandler)">
            <param name="source">To be added.</param>
            <param name="schemas">To be added.</param>
            <param name="validationEventHandler">To be added.</param>
            <summary>To be added.</summary>
            <remarks>To be added.</remarks>
        </member>
        <member name="M:System.Xml.Schema.Extensions.Validate(System.Xml.Linq.XAttribute,System.Xml.Schema.XmlSchemaObject,System.Xml.Schema.XmlSchemaSet,System.Xml.Schema.ValidationEventHandler)">
            <param name="source">To be added.</param>
            <param name="partialValidationType">To be added.</param>
            <param name="schemas">To be added.</param>
            <param name="validationEventHandler">To be added.</param>
            <summary>To be added.</summary>
            <remarks>To be added.</remarks>
        </member>
        <member name="M:System.Xml.Schema.Extensions.Validate(System.Xml.Linq.XDocument,System.Xml.Schema.XmlSchemaSet,System.Xml.Schema.ValidationEventHandler,System.Boolean)">
            <param name="source">To be added.</param>
            <param name="schemas">To be added.</param>
            <param name="validationEventHandler">To be added.</param>
            <param name="addSchemaInfo">To be added.</param>
            <summary>To be added.</summary>
            <remarks>To be added.</remarks>
        </member>
        <member name="M:System.Xml.Schema.Extensions.Validate(System.Xml.Linq.XElement,System.Xml.Schema.XmlSchemaObject,System.Xml.Schema.XmlSchemaSet,System.Xml.Schema.ValidationEventHandler)">
            <param name="source">To be added.</param>
            <param name="partialValidationType">To be added.</param>
            <param name="schemas">To be added.</param>
            <param name="validationEventHandler">To be added.</param>
            <summary>To be added.</summary>
            <remarks>To be added.</remarks>
        </member>
        <member name="M:System.Xml.Schema.Extensions.Validate(System.Xml.Linq.XAttribute,System.Xml.Schema.XmlSchemaObject,System.Xml.Schema.XmlSchemaSet,System.Xml.Schema.ValidationEventHandler,System.Boolean)">
            <param name="source">To be added.</param>
            <param name="partialValidationType">To be added.</param>
            <param name="schemas">To be added.</param>
            <param name="validationEventHandler">To be added.</param>
            <param name="addSchemaInfo">To be added.</param>
            <summary>To be added.</summary>
            <remarks>To be added.</remarks>
        </member>
        <member name="M:System.Xml.Schema.Extensions.Validate(System.Xml.Linq.XElement,System.Xml.Schema.XmlSchemaObject,System.Xml.Schema.XmlSchemaSet,System.Xml.Schema.ValidationEventHandler,System.Boolean)">
            <param name="source">To be added.</param>
            <param name="partialValidationType">To be added.</param>
            <param name="schemas">To be added.</param>
            <param name="validationEventHandler">To be added.</param>
            <param name="addSchemaInfo">To be added.</param>
            <summary>To be added.</summary>
            <remarks>To be added.</remarks>
        </member>
        <member name="T:System.Xml.XPath.Extensions">
            <summary>To be added.</summary>
            <remarks>To be added.</remarks>
        </member>
        <member name="M:System.Xml.XPath.Extensions.CreateNavigator(System.Xml.Linq.XNode)">
            <param name="node">To be added.</param>
            <summary>To be added.</summary>
            <returns>To be added.</returns>
            <remarks>To be added.</remarks>
        </member>
        <member name="M:System.Xml.XPath.Extensions.CreateNavigator(System.Xml.Linq.XNode,System.Xml.XmlNameTable)">
            <param name="node">To be added.</param>
            <param name="nameTable">To be added.</param>
            <summary>To be added.</summary>
            <returns>To be added.</returns>
            <remarks>To be added.</remarks>
        </member>
        <member name="M:System.Xml.XPath.Extensions.XPathEvaluate(System.Xml.Linq.XNode,System.String)">
            <param name="node">To be added.</param>
            <param name="expression">To be added.</param>
            <summary>To be added.</summary>
            <returns>To be added.</returns>
            <remarks>To be added.</remarks>
        </member>
        <member name="M:System.Xml.XPath.Extensions.XPathEvaluate(System.Xml.Linq.XNode,System.String,System.Xml.IXmlNamespaceResolver)">
            <param name="node">To be added.</param>
            <param name="expression">To be added.</param>
            <param name="resolver">To be added.</param>
            <summary>To be added.</summary>
            <returns>To be added.</returns>
            <remarks>To be added.</remarks>
        </member>
        <member name="M:System.Xml.XPath.Extensions.XPathSelectElement(System.Xml.Linq.XNode,System.String)">
            <param name="node">To be added.</param>
            <param name="expression">To be added.</param>
            <summary>To be added.</summary>
            <returns>To be added.</returns>
            <remarks>To be added.</remarks>
        </member>
        <member name="M:System.Xml.XPath.Extensions.XPathSelectElement(System.Xml.Linq.XNode,System.String,System.Xml.IXmlNamespaceResolver)">
            <param name="node">To be added.</param>
            <param name="expression">To be added.</param>
            <param name="resolver">To be added.</param>
            <summary>To be added.</summary>
            <returns>To be added.</returns>
            <remarks>To be added.</remarks>
        </member>
        <member name="M:System.Xml.XPath.Extensions.XPathSelectElements(System.Xml.Linq.XNode,System.String)">
            <param name="node">To be added.</param>
            <param name="expression">To be added.</param>
            <summary>To be added.</summary>
            <returns>To be added.</returns>
            <remarks>To be added.</remarks>
        </member>
        <member name="M:System.Xml.XPath.Extensions.XPathSelectElements(System.Xml.Linq.XNode,System.String,System.Xml.IXmlNamespaceResolver)">
            <param name="node">To be added.</param>
            <param name="expression">To be added.</param>
            <param name="resolver">To be added.</param>
            <summary>To be added.</summary>
            <returns>To be added.</returns>
            <remarks>To be added.</remarks>
        </member>
    </members>
</doc>
