<doc>
    <assembly>
        <name>System.ServiceModel.Web</name>
    </assembly>
    <members>
        <member name="T:System.UriTemplate">
            <summary>To be added.</summary>
            <remarks>To be added.</remarks>
        </member>
        <member name="C:System.UriTemplate(System.String)">
            <param name="template">To be added.</param>
            <summary>To be added.</summary>
            <remarks>To be added.</remarks>
        </member>
        <member name="C:System.UriTemplate(System.String,System.Boolean)">
            <param name="template">To be added.</param>
            <param name="ignoreTrailingSlash">To be added.</param>
            <summary>To be added.</summary>
            <remarks>To be added.</remarks>
        </member>
        <member name="C:System.UriTemplate(System.String,System.Collections.Generic.IDictionary{System.String,System.String})">
            <param name="template">To be added.</param>
            <param name="additionalDefaults">To be added.</param>
            <summary>To be added.</summary>
            <remarks>To be added.</remarks>
        </member>
        <member name="C:System.UriTemplate(System.String,System.Boolean,System.Collections.Generic.IDictionary{System.String,System.String})">
            <param name="template">To be added.</param>
            <param name="ignoreTrailingSlash">To be added.</param>
            <param name="additionalDefaults">To be added.</param>
            <summary>To be added.</summary>
            <remarks>To be added.</remarks>
        </member>
        <member name="M:System.UriTemplate.BindByName(System.Uri,System.Collections.Generic.IDictionary{System.String,System.String})">
            <param name="baseAddress">To be added.</param>
            <param name="parameters">To be added.</param>
            <summary>To be added.</summary>
            <returns>To be added.</returns>
            <remarks>To be added.</remarks>
        </member>
        <member name="M:System.UriTemplate.BindByName(System.Uri,System.Collections.Specialized.NameValueCollection)">
            <param name="baseAddress">To be added.</param>
            <param name="parameters">To be added.</param>
            <summary>To be added.</summary>
            <returns>To be added.</returns>
            <remarks>To be added.</remarks>
        </member>
        <member name="M:System.UriTemplate.BindByName(System.Uri,System.Collections.Generic.IDictionary{System.String,System.String},System.Boolean)">
            <param name="baseAddress">To be added.</param>
            <param name="parameters">To be added.</param>
            <param name="omitDefaults">To be added.</param>
            <summary>To be added.</summary>
            <returns>To be added.</returns>
            <remarks>To be added.</remarks>
        </member>
        <member name="M:System.UriTemplate.BindByName(System.Uri,System.Collections.Specialized.NameValueCollection,System.Boolean)">
            <param name="baseAddress">To be added.</param>
            <param name="parameters">To be added.</param>
            <param name="omitDefaults">To be added.</param>
            <summary>To be added.</summary>
            <returns>To be added.</returns>
            <remarks>To be added.</remarks>
        </member>
        <member name="M:System.UriTemplate.BindByPosition(System.Uri,System.String[])">
            <param name="baseAddress">To be added.</param>
            <param name="values">To be added.</param>
            <summary>To be added.</summary>
            <returns>To be added.</returns>
            <remarks>To be added.</remarks>
        </member>
        <member name="P:System.UriTemplate.Defaults">
            <summary>To be added.</summary>
            <value>To be added.</value>
            <remarks>To be added.</remarks>
        </member>
        <member name="P:System.UriTemplate.IgnoreTrailingSlash">
            <summary>To be added.</summary>
            <value>To be added.</value>
            <remarks>To be added.</remarks>
        </member>
        <member name="M:System.UriTemplate.IsEquivalentTo(System.UriTemplate)">
            <param name="other">To be added.</param>
            <summary>To be added.</summary>
            <returns>To be added.</returns>
            <remarks>To be added.</remarks>
        </member>
        <member name="M:System.UriTemplate.Match(System.Uri,System.Uri)">
            <param name="baseAddress">To be added.</param>
            <param name="candidate">To be added.</param>
            <summary>To be added.</summary>
            <returns>To be added.</returns>
            <remarks>To be added.</remarks>
        </member>
        <member name="P:System.UriTemplate.PathSegmentVariableNames">
            <summary>To be added.</summary>
            <value>To be added.</value>
            <remarks>To be added.</remarks>
        </member>
        <member name="P:System.UriTemplate.QueryValueVariableNames">
            <summary>To be added.</summary>
            <value>To be added.</value>
            <remarks>To be added.</remarks>
        </member>
        <member name="M:System.UriTemplate.ToString">
            <summary>To be added.</summary>
            <returns>To be added.</returns>
            <remarks>To be added.</remarks>
        </member>
        <member name="T:System.UriTemplateEquivalenceComparer">
            <summary>To be added.</summary>
            <remarks>To be added.</remarks>
        </member>
        <member name="C:System.UriTemplateEquivalenceComparer">
            <summary>To be added.</summary>
            <remarks>To be added.</remarks>
        </member>
        <member name="M:System.UriTemplateEquivalenceComparer.Equals(System.UriTemplate,System.UriTemplate)">
            <param name="x">To be added.</param>
            <param name="y">To be added.</param>
            <summary>To be added.</summary>
            <returns>To be added.</returns>
            <remarks>To be added.</remarks>
        </member>
        <member name="M:System.UriTemplateEquivalenceComparer.GetHashCode(System.UriTemplate)">
            <param name="obj">To be added.</param>
            <summary>To be added.</summary>
            <returns>To be added.</returns>
            <remarks>To be added.</remarks>
        </member>
        <member name="T:System.UriTemplateMatch">
            <summary>To be added.</summary>
            <remarks>To be added.</remarks>
        </member>
        <member name="C:System.UriTemplateMatch">
            <summary>To be added.</summary>
            <remarks>To be added.</remarks>
        </member>
        <member name="P:System.UriTemplateMatch.BaseUri">
            <summary>To be added.</summary>
            <value>To be added.</value>
            <remarks>To be added.</remarks>
        </member>
        <member name="P:System.UriTemplateMatch.BoundVariables">
            <summary>To be added.</summary>
            <value>To be added.</value>
            <remarks>To be added.</remarks>
        </member>
        <member name="P:System.UriTemplateMatch.Data">
            <summary>To be added.</summary>
            <value>To be added.</value>
            <remarks>To be added.</remarks>
        </member>
        <member name="P:System.UriTemplateMatch.QueryParameters">
            <summary>To be added.</summary>
            <value>To be added.</value>
            <remarks>To be added.</remarks>
        </member>
        <member name="P:System.UriTemplateMatch.RelativePathSegments">
            <summary>To be added.</summary>
            <value>To be added.</value>
            <remarks>To be added.</remarks>
        </member>
        <member name="P:System.UriTemplateMatch.RequestUri">
            <summary>To be added.</summary>
            <value>To be added.</value>
            <remarks>To be added.</remarks>
        </member>
        <member name="P:System.UriTemplateMatch.Template">
            <summary>To be added.</summary>
            <value>To be added.</value>
            <remarks>To be added.</remarks>
        </member>
        <member name="P:System.UriTemplateMatch.WildcardPathSegments">
            <summary>To be added.</summary>
            <value>To be added.</value>
            <remarks>To be added.</remarks>
        </member>
        <member name="T:System.UriTemplateMatchException">
            <summary>To be added.</summary>
            <remarks>To be added.</remarks>
        </member>
        <member name="C:System.UriTemplateMatchException">
            <summary>To be added.</summary>
            <remarks>To be added.</remarks>
        </member>
        <member name="C:System.UriTemplateMatchException(System.String)">
            <param name="message">To be added.</param>
            <summary>To be added.</summary>
            <remarks>To be added.</remarks>
        </member>
        <member name="C:System.UriTemplateMatchException(System.Runtime.Serialization.SerializationInfo,System.Runtime.Serialization.StreamingContext)">
            <param name="info">To be added.</param>
            <param name="context">To be added.</param>
            <summary>To be added.</summary>
            <remarks>To be added.</remarks>
        </member>
        <member name="C:System.UriTemplateMatchException(System.String,System.Exception)">
            <param name="message">To be added.</param>
            <param name="innerException">To be added.</param>
            <summary>To be added.</summary>
            <remarks>To be added.</remarks>
        </member>
        <member name="T:System.UriTemplateTable">
            <summary>To be added.</summary>
            <remarks>To be added.</remarks>
        </member>
        <member name="C:System.UriTemplateTable">
            <summary>To be added.</summary>
            <remarks>To be added.</remarks>
        </member>
        <member name="C:System.UriTemplateTable(System.Collections.Generic.IEnumerable{System.Collections.Generic.KeyValuePair{System.UriTemplate,System.Object}})">
            <param name="keyValuePairs">To be added.</param>
            <summary>To be added.</summary>
            <remarks>To be added.</remarks>
        </member>
        <member name="C:System.UriTemplateTable(System.Uri)">
            <param name="baseAddress">To be added.</param>
            <summary>To be added.</summary>
            <remarks>To be added.</remarks>
        </member>
        <member name="C:System.UriTemplateTable(System.Uri,System.Collections.Generic.IEnumerable{System.Collections.Generic.KeyValuePair{System.UriTemplate,System.Object}})">
            <param name="baseAddress">To be added.</param>
            <param name="keyValuePairs">To be added.</param>
            <summary>To be added.</summary>
            <remarks>To be added.</remarks>
        </member>
        <member name="P:System.UriTemplateTable.BaseAddress">
            <summary>To be added.</summary>
            <value>To be added.</value>
            <remarks>To be added.</remarks>
        </member>
        <member name="P:System.UriTemplateTable.IsReadOnly">
            <summary>To be added.</summary>
            <value>To be added.</value>
            <remarks>To be added.</remarks>
        </member>
        <member name="P:System.UriTemplateTable.KeyValuePairs">
            <summary>To be added.</summary>
            <value>To be added.</value>
            <remarks>To be added.</remarks>
        </member>
        <member name="M:System.UriTemplateTable.MakeReadOnly(System.Boolean)">
            <param name="allowDuplicateEquivalentUriTemplates">To be added.</param>
            <summary>To be added.</summary>
            <remarks>To be added.</remarks>
        </member>
        <member name="M:System.UriTemplateTable.Match(System.Uri)">
            <param name="uri">To be added.</param>
            <summary>To be added.</summary>
            <returns>To be added.</returns>
            <remarks>To be added.</remarks>
        </member>
        <member name="M:System.UriTemplateTable.MatchSingle(System.Uri)">
            <param name="uri">To be added.</param>
            <summary>To be added.</summary>
            <returns>To be added.</returns>
            <remarks>To be added.</remarks>
        </member>
        <member name="T:System.ServiceModel.WebHttpBinding">
            <summary>To be added.</summary>
            <remarks>To be added.</remarks>
        </member>
        <member name="C:System.ServiceModel.WebHttpBinding">
            <summary>To be added.</summary>
            <remarks>To be added.</remarks>
        </member>
        <member name="C:System.ServiceModel.WebHttpBinding(System.ServiceModel.WebHttpSecurityMode)">
            <param name="securityMode">To be added.</param>
            <summary>To be added.</summary>
            <remarks>To be added.</remarks>
        </member>
        <member name="C:System.ServiceModel.WebHttpBinding(System.String)">
            <param name="configurationName">To be added.</param>
            <summary>To be added.</summary>
            <remarks>To be added.</remarks>
        </member>
        <member name="M:System.ServiceModel.WebHttpBinding.CreateBindingElements">
            <summary>To be added.</summary>
            <returns>To be added.</returns>
            <remarks>To be added.</remarks>
        </member>
        <member name="P:System.ServiceModel.WebHttpBinding.EnvelopeVersion">
            <summary>To be added.</summary>
            <value>To be added.</value>
            <remarks>To be added.</remarks>
        </member>
        <member name="P:System.ServiceModel.WebHttpBinding.MaxBufferSize">
            <summary>To be added.</summary>
            <value>To be added.</value>
            <remarks>To be added.</remarks>
        </member>
        <member name="P:System.ServiceModel.WebHttpBinding.MaxReceivedMessageSize">
            <summary>To be added.</summary>
            <value>To be added.</value>
            <remarks>To be added.</remarks>
        </member>
        <member name="P:System.ServiceModel.WebHttpBinding.ReaderQuotas">
            <summary>To be added.</summary>
            <value>To be added.</value>
            <remarks>To be added.</remarks>
        </member>
        <member name="P:System.ServiceModel.WebHttpBinding.Scheme">
            <summary>To be added.</summary>
            <value>To be added.</value>
            <remarks>To be added.</remarks>
        </member>
        <member name="P:System.ServiceModel.WebHttpBinding.Security">
            <summary>To be added.</summary>
            <value>To be added.</value>
            <remarks>To be added.</remarks>
        </member>
        <member name="M:System.ServiceModel.WebHttpBinding.ShouldSerializeReaderQuotas">
            <summary>To be added.</summary>
            <returns>To be added.</returns>
            <remarks>To be added.</remarks>
        </member>
        <member name="M:System.ServiceModel.WebHttpBinding.ShouldSerializeSecurity">
            <summary>To be added.</summary>
            <returns>To be added.</returns>
            <remarks>To be added.</remarks>
        </member>
        <member name="M:System.ServiceModel.WebHttpBinding.ShouldSerializeWriteEncoding">
            <summary>To be added.</summary>
            <returns>To be added.</returns>
            <remarks>To be added.</remarks>
        </member>
        <member name="P:System.ServiceModel.WebHttpBinding.System#ServiceModel#Channels#IBindingRuntimePreferences#ReceiveSynchronously">
            <summary>To be added.</summary>
            <value>To be added.</value>
            <remarks>To be added.</remarks>
        </member>
        <member name="P:System.ServiceModel.WebHttpBinding.WriteEncoding">
            <summary>To be added.</summary>
            <value>To be added.</value>
            <remarks>To be added.</remarks>
        </member>
        <member name="T:System.ServiceModel.WebHttpSecurity">
            <summary>To be added.</summary>
            <remarks>To be added.</remarks>
        </member>
        <member name="C:System.ServiceModel.WebHttpSecurity">
            <summary>To be added.</summary>
            <remarks>To be added.</remarks>
        </member>
        <member name="P:System.ServiceModel.WebHttpSecurity.Mode">
            <summary>To be added.</summary>
            <value>To be added.</value>
            <remarks>To be added.</remarks>
        </member>
        <member name="M:System.ServiceModel.WebHttpSecurity.ShouldSerializeMode">
            <summary>To be added.</summary>
            <returns>To be added.</returns>
            <remarks>To be added.</remarks>
        </member>
        <member name="M:System.ServiceModel.WebHttpSecurity.ShouldSerializeTransport">
            <summary>To be added.</summary>
            <returns>To be added.</returns>
            <remarks>To be added.</remarks>
        </member>
        <member name="P:System.ServiceModel.WebHttpSecurity.Transport">
            <summary>To be added.</summary>
            <value>To be added.</value>
            <remarks>To be added.</remarks>
        </member>
        <member name="T:System.ServiceModel.WebHttpSecurityMode">
            <summary>To be added.</summary>
            <remarks>To be added.</remarks>
        </member>
        <member name="F:System.ServiceModel.WebHttpSecurityMode.None">
            <summary>To be added.</summary>
        </member>
        <member name="F:System.ServiceModel.WebHttpSecurityMode.Transport">
            <summary>To be added.</summary>
        </member>
        <member name="F:System.ServiceModel.WebHttpSecurityMode.TransportCredentialOnly">
            <summary>To be added.</summary>
        </member>
        <member name="T:System.ServiceModel.Channels.WebBodyFormatMessageProperty">
            <summary>To be added.</summary>
            <remarks>To be added.</remarks>
        </member>
        <member name="C:System.ServiceModel.Channels.WebBodyFormatMessageProperty(System.ServiceModel.Channels.WebContentFormat)">
            <param name="format">To be added.</param>
            <summary>To be added.</summary>
            <remarks>To be added.</remarks>
        </member>
        <member name="M:System.ServiceModel.Channels.WebBodyFormatMessageProperty.CreateCopy">
            <summary>To be added.</summary>
            <returns>To be added.</returns>
            <remarks>To be added.</remarks>
        </member>
        <member name="P:System.ServiceModel.Channels.WebBodyFormatMessageProperty.Format">
            <summary>To be added.</summary>
            <value>To be added.</value>
            <remarks>To be added.</remarks>
        </member>
        <member name="F:System.ServiceModel.Channels.WebBodyFormatMessageProperty.Name">
            <summary>To be added.</summary>
            <remarks>To be added.</remarks>
        </member>
        <member name="M:System.ServiceModel.Channels.WebBodyFormatMessageProperty.ToString">
            <summary>To be added.</summary>
            <returns>To be added.</returns>
            <remarks>To be added.</remarks>
        </member>
        <member name="T:System.ServiceModel.Channels.WebContentFormat">
            <summary>To be added.</summary>
            <remarks>To be added.</remarks>
        </member>
        <member name="F:System.ServiceModel.Channels.WebContentFormat.Default">
            <summary>To be added.</summary>
        </member>
        <member name="F:System.ServiceModel.Channels.WebContentFormat.Json">
            <summary>To be added.</summary>
        </member>
        <member name="F:System.ServiceModel.Channels.WebContentFormat.Raw">
            <summary>To be added.</summary>
        </member>
        <member name="F:System.ServiceModel.Channels.WebContentFormat.Xml">
            <summary>To be added.</summary>
        </member>
        <member name="T:System.ServiceModel.Channels.WebContentTypeMapper">
            <summary>To be added.</summary>
            <remarks>To be added.</remarks>
        </member>
        <member name="C:System.ServiceModel.Channels.WebContentTypeMapper">
            <summary>To be added.</summary>
            <remarks>To be added.</remarks>
        </member>
        <member name="M:System.ServiceModel.Channels.WebContentTypeMapper.GetMessageFormatForContentType(System.String)">
            <param name="contentType">To be added.</param>
            <summary>To be added.</summary>
            <returns>To be added.</returns>
            <remarks>To be added.</remarks>
        </member>
        <member name="T:System.ServiceModel.Channels.WebMessageEncodingBindingElement">
            <summary>To be added.</summary>
            <remarks>To be added.</remarks>
        </member>
        <member name="C:System.ServiceModel.Channels.WebMessageEncodingBindingElement">
            <summary>To be added.</summary>
            <remarks>To be added.</remarks>
        </member>
        <member name="C:System.ServiceModel.Channels.WebMessageEncodingBindingElement(System.Text.Encoding)">
            <param name="writeEncoding">To be added.</param>
            <summary>To be added.</summary>
            <remarks>To be added.</remarks>
        </member>
        <member name="M:System.ServiceModel.Channels.WebMessageEncodingBindingElement.BuildChannelFactory``1(System.ServiceModel.Channels.BindingContext)">
            <typeparam name="TChannel">To be added.</typeparam>
            <param name="context">To be added.</param>
            <summary>To be added.</summary>
            <returns>To be added.</returns>
            <remarks>To be added.</remarks>
        </member>
        <member name="M:System.ServiceModel.Channels.WebMessageEncodingBindingElement.Clone">
            <summary>To be added.</summary>
            <returns>To be added.</returns>
            <remarks>To be added.</remarks>
        </member>
        <member name="P:System.ServiceModel.Channels.WebMessageEncodingBindingElement.ContentTypeMapper">
            <summary>To be added.</summary>
            <value>To be added.</value>
            <remarks>To be added.</remarks>
        </member>
        <member name="M:System.ServiceModel.Channels.WebMessageEncodingBindingElement.CreateMessageEncoderFactory">
            <summary>To be added.</summary>
            <returns>To be added.</returns>
            <remarks>To be added.</remarks>
        </member>
        <member name="M:System.ServiceModel.Channels.WebMessageEncodingBindingElement.GetProperty``1(System.ServiceModel.Channels.BindingContext)">
            <typeparam name="T">To be added.</typeparam>
            <param name="context">To be added.</param>
            <summary>To be added.</summary>
            <returns>To be added.</returns>
            <remarks>To be added.</remarks>
        </member>
        <member name="P:System.ServiceModel.Channels.WebMessageEncodingBindingElement.MaxReadPoolSize">
            <summary>To be added.</summary>
            <value>To be added.</value>
            <remarks>To be added.</remarks>
        </member>
        <member name="P:System.ServiceModel.Channels.WebMessageEncodingBindingElement.MaxWritePoolSize">
            <summary>To be added.</summary>
            <value>To be added.</value>
            <remarks>To be added.</remarks>
        </member>
        <member name="P:System.ServiceModel.Channels.WebMessageEncodingBindingElement.MessageVersion">
            <summary>To be added.</summary>
            <value>To be added.</value>
            <remarks>To be added.</remarks>
        </member>
        <member name="P:System.ServiceModel.Channels.WebMessageEncodingBindingElement.ReaderQuotas">
            <summary>To be added.</summary>
            <value>To be added.</value>
            <remarks>To be added.</remarks>
        </member>
        <member name="P:System.ServiceModel.Channels.WebMessageEncodingBindingElement.WriteEncoding">
            <summary>To be added.</summary>
            <value>To be added.</value>
            <remarks>To be added.</remarks>
        </member>
        <member name="T:System.ServiceModel.Description.WebHttpBehavior">
            <summary>To be added.</summary>
            <remarks>To be added.</remarks>
        </member>
        <member name="C:System.ServiceModel.Description.WebHttpBehavior">
            <summary>To be added.</summary>
            <remarks>To be added.</remarks>
        </member>
        <member name="M:System.ServiceModel.Description.WebHttpBehavior.AddBindingParameters(System.ServiceModel.Description.ServiceEndpoint,System.ServiceModel.Channels.BindingParameterCollection)">
            <param name="endpoint">To be added.</param>
            <param name="bindingParameters">To be added.</param>
            <summary>To be added.</summary>
            <remarks>To be added.</remarks>
        </member>
        <member name="M:System.ServiceModel.Description.WebHttpBehavior.AddClientErrorInspector(System.ServiceModel.Description.ServiceEndpoint,System.ServiceModel.Dispatcher.ClientRuntime)">
            <param name="endpoint">To be added.</param>
            <param name="clientRuntime">To be added.</param>
            <summary>To be added.</summary>
            <remarks>To be added.</remarks>
        </member>
        <member name="M:System.ServiceModel.Description.WebHttpBehavior.ApplyClientBehavior(System.ServiceModel.Description.ServiceEndpoint,System.ServiceModel.Dispatcher.ClientRuntime)">
            <param name="endpoint">To be added.</param>
            <param name="clientRuntime">To be added.</param>
            <summary>To be added.</summary>
            <remarks>To be added.</remarks>
        </member>
        <member name="M:System.ServiceModel.Description.WebHttpBehavior.ApplyDispatchBehavior(System.ServiceModel.Description.ServiceEndpoint,System.ServiceModel.Dispatcher.EndpointDispatcher)">
            <param name="endpoint">To be added.</param>
            <param name="endpointDispatcher">To be added.</param>
            <summary>To be added.</summary>
            <remarks>To be added.</remarks>
        </member>
        <member name="P:System.ServiceModel.Description.WebHttpBehavior.AutomaticFormatSelectionEnabled">
            <summary>To be added.</summary>
            <value>To be added.</value>
            <remarks>To be added.</remarks>
        </member>
        <member name="P:System.ServiceModel.Description.WebHttpBehavior.DefaultBodyStyle">
            <summary>To be added.</summary>
            <value>To be added.</value>
            <remarks>To be added.</remarks>
        </member>
        <member name="P:System.ServiceModel.Description.WebHttpBehavior.DefaultOutgoingRequestFormat">
            <summary>To be added.</summary>
            <value>To be added.</value>
            <remarks>To be added.</remarks>
        </member>
        <member name="P:System.ServiceModel.Description.WebHttpBehavior.DefaultOutgoingResponseFormat">
            <summary>To be added.</summary>
            <value>To be added.</value>
            <remarks>To be added.</remarks>
        </member>
        <member name="P:System.ServiceModel.Description.WebHttpBehavior.FaultExceptionEnabled">
            <summary>To be added.</summary>
            <value>To be added.</value>
            <remarks>To be added.</remarks>
        </member>
        <member name="M:System.ServiceModel.Description.WebHttpBehavior.GetQueryStringConverter(System.ServiceModel.Description.OperationDescription)">
            <param name="operationDescription">To be added.</param>
            <summary>To be added.</summary>
            <returns>To be added.</returns>
            <remarks>To be added.</remarks>
        </member>
        <member name="M:System.ServiceModel.Description.WebHttpBehavior.GetReplyClientFormatter(System.ServiceModel.Description.OperationDescription,System.ServiceModel.Description.ServiceEndpoint)">
            <param name="operationDescription">To be added.</param>
            <param name="endpoint">To be added.</param>
            <summary>To be added.</summary>
            <returns>To be added.</returns>
            <remarks>To be added.</remarks>
        </member>
        <member name="M:System.ServiceModel.Description.WebHttpBehavior.GetRequestClientFormatter(System.ServiceModel.Description.OperationDescription,System.ServiceModel.Description.ServiceEndpoint)">
            <param name="operationDescription">To be added.</param>
            <param name="endpoint">To be added.</param>
            <summary>To be added.</summary>
            <returns>To be added.</returns>
            <remarks>To be added.</remarks>
        </member>
        <member name="P:System.ServiceModel.Description.WebHttpBehavior.HelpEnabled">
            <summary>To be added.</summary>
            <value>To be added.</value>
            <remarks>To be added.</remarks>
        </member>
        <member name="M:System.ServiceModel.Description.WebHttpBehavior.Validate(System.ServiceModel.Description.ServiceEndpoint)">
            <param name="endpoint">To be added.</param>
            <summary>To be added.</summary>
            <remarks>To be added.</remarks>
        </member>
        <member name="M:System.ServiceModel.Description.WebHttpBehavior.ValidateBinding(System.ServiceModel.Description.ServiceEndpoint)">
            <param name="endpoint">To be added.</param>
            <summary>To be added.</summary>
            <remarks>To be added.</remarks>
        </member>
        <member name="M:System.ServiceModel.Description.WebHttpBehavior.ValidateOperation(System.ServiceModel.Description.OperationDescription)">
            <param name="operation">To be added.</param>
            <summary>To be added.</summary>
            <remarks>To be added.</remarks>
        </member>
        <member name="T:System.ServiceModel.Dispatcher.JsonQueryStringConverter">
            <summary>To be added.</summary>
            <remarks>To be added.</remarks>
        </member>
        <member name="C:System.ServiceModel.Dispatcher.JsonQueryStringConverter">
            <summary>To be added.</summary>
            <remarks>To be added.</remarks>
        </member>
        <member name="M:System.ServiceModel.Dispatcher.JsonQueryStringConverter.CanConvert(System.Type)">
            <param name="type">To be added.</param>
            <summary>To be added.</summary>
            <returns>To be added.</returns>
            <remarks>To be added.</remarks>
        </member>
        <member name="M:System.ServiceModel.Dispatcher.JsonQueryStringConverter.ConvertStringToValue(System.String,System.Type)">
            <param name="parameter">To be added.</param>
            <param name="parameterType">To be added.</param>
            <summary>To be added.</summary>
            <returns>To be added.</returns>
            <remarks>To be added.</remarks>
        </member>
        <member name="M:System.ServiceModel.Dispatcher.JsonQueryStringConverter.ConvertValueToString(System.Object,System.Type)">
            <param name="parameter">To be added.</param>
            <param name="parameterType">To be added.</param>
            <summary>To be added.</summary>
            <returns>To be added.</returns>
            <remarks>To be added.</remarks>
        </member>
        <member name="T:System.ServiceModel.Dispatcher.QueryStringConverter">
            <summary>To be added.</summary>
            <remarks>To be added.</remarks>
        </member>
        <member name="C:System.ServiceModel.Dispatcher.QueryStringConverter">
            <summary>To be added.</summary>
            <remarks>To be added.</remarks>
        </member>
        <member name="M:System.ServiceModel.Dispatcher.QueryStringConverter.CanConvert(System.Type)">
            <param name="type">To be added.</param>
            <summary>To be added.</summary>
            <returns>To be added.</returns>
            <remarks>To be added.</remarks>
        </member>
        <member name="M:System.ServiceModel.Dispatcher.QueryStringConverter.ConvertStringToValue(System.String,System.Type)">
            <param name="parameter">To be added.</param>
            <param name="parameterType">To be added.</param>
            <summary>To be added.</summary>
            <returns>To be added.</returns>
            <remarks>To be added.</remarks>
        </member>
        <member name="M:System.ServiceModel.Dispatcher.QueryStringConverter.ConvertValueToString(System.Object,System.Type)">
            <param name="parameter">To be added.</param>
            <param name="parameterType">To be added.</param>
            <summary>To be added.</summary>
            <returns>To be added.</returns>
            <remarks>To be added.</remarks>
        </member>
        <member name="T:System.ServiceModel.Web.IncomingWebResponseContext">
            <summary>To be added.</summary>
            <remarks>To be added.</remarks>
        </member>
        <member name="P:System.ServiceModel.Web.IncomingWebResponseContext.ContentLength">
            <summary>To be added.</summary>
            <value>To be added.</value>
            <remarks>To be added.</remarks>
        </member>
        <member name="P:System.ServiceModel.Web.IncomingWebResponseContext.ContentType">
            <summary>To be added.</summary>
            <value>To be added.</value>
            <remarks>To be added.</remarks>
        </member>
        <member name="P:System.ServiceModel.Web.IncomingWebResponseContext.ETag">
            <summary>To be added.</summary>
            <value>To be added.</value>
            <remarks>To be added.</remarks>
        </member>
        <member name="P:System.ServiceModel.Web.IncomingWebResponseContext.Headers">
            <summary>To be added.</summary>
            <value>To be added.</value>
            <remarks>To be added.</remarks>
        </member>
        <member name="P:System.ServiceModel.Web.IncomingWebResponseContext.Location">
            <summary>To be added.</summary>
            <value>To be added.</value>
            <remarks>To be added.</remarks>
        </member>
        <member name="P:System.ServiceModel.Web.IncomingWebResponseContext.StatusCode">
            <summary>To be added.</summary>
            <value>To be added.</value>
            <remarks>To be added.</remarks>
        </member>
        <member name="P:System.ServiceModel.Web.IncomingWebResponseContext.StatusDescription">
            <summary>To be added.</summary>
            <value>To be added.</value>
            <remarks>To be added.</remarks>
        </member>
        <member name="T:System.ServiceModel.Web.OutgoingWebRequestContext">
            <summary>To be added.</summary>
            <remarks>To be added.</remarks>
        </member>
        <member name="P:System.ServiceModel.Web.OutgoingWebRequestContext.Accept">
            <summary>To be added.</summary>
            <value>To be added.</value>
            <remarks>To be added.</remarks>
        </member>
        <member name="P:System.ServiceModel.Web.OutgoingWebRequestContext.ContentLength">
            <summary>To be added.</summary>
            <value>To be added.</value>
            <remarks>To be added.</remarks>
        </member>
        <member name="P:System.ServiceModel.Web.OutgoingWebRequestContext.ContentType">
            <summary>To be added.</summary>
            <value>To be added.</value>
            <remarks>To be added.</remarks>
        </member>
        <member name="P:System.ServiceModel.Web.OutgoingWebRequestContext.Headers">
            <summary>To be added.</summary>
            <value>To be added.</value>
            <remarks>To be added.</remarks>
        </member>
        <member name="P:System.ServiceModel.Web.OutgoingWebRequestContext.IfMatch">
            <summary>To be added.</summary>
            <value>To be added.</value>
            <remarks>To be added.</remarks>
        </member>
        <member name="P:System.ServiceModel.Web.OutgoingWebRequestContext.IfModifiedSince">
            <summary>To be added.</summary>
            <value>To be added.</value>
            <remarks>To be added.</remarks>
        </member>
        <member name="P:System.ServiceModel.Web.OutgoingWebRequestContext.IfNoneMatch">
            <summary>To be added.</summary>
            <value>To be added.</value>
            <remarks>To be added.</remarks>
        </member>
        <member name="P:System.ServiceModel.Web.OutgoingWebRequestContext.IfUnmodifiedSince">
            <summary>To be added.</summary>
            <value>To be added.</value>
            <remarks>To be added.</remarks>
        </member>
        <member name="P:System.ServiceModel.Web.OutgoingWebRequestContext.Method">
            <summary>To be added.</summary>
            <value>To be added.</value>
            <remarks>To be added.</remarks>
        </member>
        <member name="P:System.ServiceModel.Web.OutgoingWebRequestContext.SuppressEntityBody">
            <summary>To be added.</summary>
            <value>To be added.</value>
            <remarks>To be added.</remarks>
        </member>
        <member name="P:System.ServiceModel.Web.OutgoingWebRequestContext.UserAgent">
            <summary>To be added.</summary>
            <value>To be added.</value>
            <remarks>To be added.</remarks>
        </member>
        <member name="T:System.ServiceModel.Web.WebChannelFactory`1">
            <typeparam name="TChannel">To be added.</typeparam>
            <summary>To be added.</summary>
            <remarks>To be added.</remarks>
        </member>
        <member name="C:System.ServiceModel.Web.WebChannelFactory`1(`0System`0.`0String`0)">
            <param name="endpointConfigurationName">To be added.</param>
            <summary>To be added.</summary>
            <remarks>To be added.</remarks>
        </member>
        <member name="C:System.ServiceModel.Web.WebChannelFactory`1(`0System`0.`0Type`0)">
            <param name="channelType">To be added.</param>
            <summary>To be added.</summary>
            <remarks>To be added.</remarks>
        </member>
        <member name="C:System.ServiceModel.Web.WebChannelFactory`1(`0System`0.`0Uri`0)">
            <param name="remoteAddress">To be added.</param>
            <summary>To be added.</summary>
            <remarks>To be added.</remarks>
        </member>
        <member name="C:System.ServiceModel.Web.WebChannelFactory`1(`0System`0.`0ServiceModel`0.`0Channels`0.`0Binding`0,`0System`0.`0Uri`0)">
            <param name="binding">To be added.</param>
            <param name="remoteAddress">To be added.</param>
            <summary>To be added.</summary>
            <remarks>To be added.</remarks>
        </member>
        <member name="C:System.ServiceModel.Web.WebChannelFactory`1(`0System`0.`0String`0,`0System`0.`0Uri`0)">
            <param name="endpointConfigurationName">To be added.</param>
            <param name="remoteAddress">To be added.</param>
            <summary>To be added.</summary>
            <remarks>To be added.</remarks>
        </member>
        <member name="M:System.ServiceModel.Web.WebChannelFactory`1.OnOpening">
            <summary>To be added.</summary>
            <remarks>To be added.</remarks>
        </member>
        <member name="T:System.ServiceModel.Web.WebGetAttribute">
            <summary>To be added.</summary>
            <remarks>To be added.</remarks>
        </member>
        <member name="C:System.ServiceModel.Web.WebGetAttribute">
            <summary>To be added.</summary>
            <remarks>To be added.</remarks>
        </member>
        <member name="P:System.ServiceModel.Web.WebGetAttribute.BodyStyle">
            <summary>To be added.</summary>
            <value>To be added.</value>
            <remarks>To be added.</remarks>
        </member>
        <member name="P:System.ServiceModel.Web.WebGetAttribute.IsBodyStyleSetExplicitly">
            <summary>To be added.</summary>
            <value>To be added.</value>
            <remarks>To be added.</remarks>
        </member>
        <member name="P:System.ServiceModel.Web.WebGetAttribute.IsRequestFormatSetExplicitly">
            <summary>To be added.</summary>
            <value>To be added.</value>
            <remarks>To be added.</remarks>
        </member>
        <member name="P:System.ServiceModel.Web.WebGetAttribute.IsResponseFormatSetExplicitly">
            <summary>To be added.</summary>
            <value>To be added.</value>
            <remarks>To be added.</remarks>
        </member>
        <member name="P:System.ServiceModel.Web.WebGetAttribute.RequestFormat">
            <summary>To be added.</summary>
            <value>To be added.</value>
            <remarks>To be added.</remarks>
        </member>
        <member name="P:System.ServiceModel.Web.WebGetAttribute.ResponseFormat">
            <summary>To be added.</summary>
            <value>To be added.</value>
            <remarks>To be added.</remarks>
        </member>
        <member name="M:System.ServiceModel.Web.WebGetAttribute.System#ServiceModel#Description#IOperationBehavior#AddBindingParameters(System.ServiceModel.Description.OperationDescription,System.ServiceModel.Channels.BindingParameterCollection)">
            <param name="operation">To be added.</param>
            <param name="parameters">To be added.</param>
            <summary>To be added.</summary>
            <remarks>To be added.</remarks>
        </member>
        <member name="M:System.ServiceModel.Web.WebGetAttribute.System#ServiceModel#Description#IOperationBehavior#ApplyClientBehavior(System.ServiceModel.Description.OperationDescription,System.ServiceModel.Dispatcher.ClientOperation)">
            <param name="operation">To be added.</param>
            <param name="client">To be added.</param>
            <summary>To be added.</summary>
            <remarks>To be added.</remarks>
        </member>
        <member name="M:System.ServiceModel.Web.WebGetAttribute.System#ServiceModel#Description#IOperationBehavior#ApplyDispatchBehavior(System.ServiceModel.Description.OperationDescription,System.ServiceModel.Dispatcher.DispatchOperation)">
            <param name="operation">To be added.</param>
            <param name="service">To be added.</param>
            <summary>To be added.</summary>
            <remarks>To be added.</remarks>
        </member>
        <member name="M:System.ServiceModel.Web.WebGetAttribute.System#ServiceModel#Description#IOperationBehavior#Validate(System.ServiceModel.Description.OperationDescription)">
            <param name="operation">To be added.</param>
            <summary>To be added.</summary>
            <remarks>To be added.</remarks>
        </member>
        <member name="P:System.ServiceModel.Web.WebGetAttribute.UriTemplate">
            <summary>To be added.</summary>
            <value>To be added.</value>
            <remarks>To be added.</remarks>
        </member>
        <member name="T:System.ServiceModel.Web.WebInvokeAttribute">
            <summary>To be added.</summary>
            <remarks>To be added.</remarks>
        </member>
        <member name="C:System.ServiceModel.Web.WebInvokeAttribute">
            <summary>To be added.</summary>
            <remarks>To be added.</remarks>
        </member>
        <member name="P:System.ServiceModel.Web.WebInvokeAttribute.BodyStyle">
            <summary>To be added.</summary>
            <value>To be added.</value>
            <remarks>To be added.</remarks>
        </member>
        <member name="P:System.ServiceModel.Web.WebInvokeAttribute.IsBodyStyleSetExplicitly">
            <summary>To be added.</summary>
            <value>To be added.</value>
            <remarks>To be added.</remarks>
        </member>
        <member name="P:System.ServiceModel.Web.WebInvokeAttribute.IsRequestFormatSetExplicitly">
            <summary>To be added.</summary>
            <value>To be added.</value>
            <remarks>To be added.</remarks>
        </member>
        <member name="P:System.ServiceModel.Web.WebInvokeAttribute.IsResponseFormatSetExplicitly">
            <summary>To be added.</summary>
            <value>To be added.</value>
            <remarks>To be added.</remarks>
        </member>
        <member name="P:System.ServiceModel.Web.WebInvokeAttribute.Method">
            <summary>To be added.</summary>
            <value>To be added.</value>
            <remarks>To be added.</remarks>
        </member>
        <member name="P:System.ServiceModel.Web.WebInvokeAttribute.RequestFormat">
            <summary>To be added.</summary>
            <value>To be added.</value>
            <remarks>To be added.</remarks>
        </member>
        <member name="P:System.ServiceModel.Web.WebInvokeAttribute.ResponseFormat">
            <summary>To be added.</summary>
            <value>To be added.</value>
            <remarks>To be added.</remarks>
        </member>
        <member name="M:System.ServiceModel.Web.WebInvokeAttribute.System#ServiceModel#Description#IOperationBehavior#AddBindingParameters(System.ServiceModel.Description.OperationDescription,System.ServiceModel.Channels.BindingParameterCollection)">
            <param name="operation">To be added.</param>
            <param name="parameters">To be added.</param>
            <summary>To be added.</summary>
            <remarks>To be added.</remarks>
        </member>
        <member name="M:System.ServiceModel.Web.WebInvokeAttribute.System#ServiceModel#Description#IOperationBehavior#ApplyClientBehavior(System.ServiceModel.Description.OperationDescription,System.ServiceModel.Dispatcher.ClientOperation)">
            <param name="operation">To be added.</param>
            <param name="client">To be added.</param>
            <summary>To be added.</summary>
            <remarks>To be added.</remarks>
        </member>
        <member name="M:System.ServiceModel.Web.WebInvokeAttribute.System#ServiceModel#Description#IOperationBehavior#ApplyDispatchBehavior(System.ServiceModel.Description.OperationDescription,System.ServiceModel.Dispatcher.DispatchOperation)">
            <param name="operation">To be added.</param>
            <param name="service">To be added.</param>
            <summary>To be added.</summary>
            <remarks>To be added.</remarks>
        </member>
        <member name="M:System.ServiceModel.Web.WebInvokeAttribute.System#ServiceModel#Description#IOperationBehavior#Validate(System.ServiceModel.Description.OperationDescription)">
            <param name="operation">To be added.</param>
            <summary>To be added.</summary>
            <remarks>To be added.</remarks>
        </member>
        <member name="P:System.ServiceModel.Web.WebInvokeAttribute.UriTemplate">
            <summary>To be added.</summary>
            <value>To be added.</value>
            <remarks>To be added.</remarks>
        </member>
        <member name="T:System.ServiceModel.Web.WebMessageBodyStyle">
            <summary>To be added.</summary>
            <remarks>To be added.</remarks>
        </member>
        <member name="F:System.ServiceModel.Web.WebMessageBodyStyle.Bare">
            <summary>To be added.</summary>
        </member>
        <member name="F:System.ServiceModel.Web.WebMessageBodyStyle.Wrapped">
            <summary>To be added.</summary>
        </member>
        <member name="F:System.ServiceModel.Web.WebMessageBodyStyle.WrappedRequest">
            <summary>To be added.</summary>
        </member>
        <member name="F:System.ServiceModel.Web.WebMessageBodyStyle.WrappedResponse">
            <summary>To be added.</summary>
        </member>
        <member name="T:System.ServiceModel.Web.WebMessageFormat">
            <summary>To be added.</summary>
            <remarks>To be added.</remarks>
        </member>
        <member name="F:System.ServiceModel.Web.WebMessageFormat.Json">
            <summary>To be added.</summary>
        </member>
        <member name="F:System.ServiceModel.Web.WebMessageFormat.Xml">
            <summary>To be added.</summary>
        </member>
        <member name="T:System.ServiceModel.Web.WebOperationContext">
            <summary>To be added.</summary>
            <remarks>To be added.</remarks>
        </member>
        <member name="C:System.ServiceModel.Web.WebOperationContext(System.ServiceModel.OperationContext)">
            <param name="operationContext">To be added.</param>
            <summary>To be added.</summary>
            <remarks>To be added.</remarks>
        </member>
        <member name="M:System.ServiceModel.Web.WebOperationContext.Attach(System.ServiceModel.OperationContext)">
            <param name="owner">To be added.</param>
            <summary>To be added.</summary>
            <remarks>To be added.</remarks>
        </member>
        <member name="M:System.ServiceModel.Web.WebOperationContext.Detach(System.ServiceModel.OperationContext)">
            <param name="owner">To be added.</param>
            <summary>To be added.</summary>
            <remarks>To be added.</remarks>
        </member>
        <member name="P:System.ServiceModel.Web.WebOperationContext.IncomingResponse">
            <summary>To be added.</summary>
            <value>To be added.</value>
            <remarks>To be added.</remarks>
        </member>
        <member name="P:System.ServiceModel.Web.WebOperationContext.OutgoingRequest">
            <summary>To be added.</summary>
            <value>To be added.</value>
            <remarks>To be added.</remarks>
        </member>
    </members>
</doc>
