<doc>
    <assembly>
        <name>System.Json</name>
    </assembly>
    <members>
        <member name="T:System.Json.JsonArray">
            <summary>To be added.</summary>
            <remarks>To be added.</remarks>
        </member>
        <member name="C:System.Json.JsonArray(System.Collections.Generic.IEnumerable{System.Json.JsonValue})">
            <param name="items">To be added.</param>
            <summary>To be added.</summary>
            <remarks>To be added.</remarks>
        </member>
        <member name="C:System.Json.JsonArray(System.Json.JsonValue[])">
            <param name="items">To be added.</param>
            <summary>To be added.</summary>
            <remarks>To be added.</remarks>
        </member>
        <member name="M:System.Json.JsonArray.Add(System.Json.JsonValue)">
            <param name="item">To be added.</param>
            <summary>To be added.</summary>
            <remarks>To be added.</remarks>
        </member>
        <member name="M:System.Json.JsonArray.AddRange(System.Collections.Generic.IEnumerable{System.Json.JsonValue})">
            <param name="items">To be added.</param>
            <summary>To be added.</summary>
            <remarks>To be added.</remarks>
        </member>
        <member name="M:System.Json.JsonArray.AddRange(System.Json.JsonValue[])">
            <param name="items">To be added.</param>
            <summary>To be added.</summary>
            <remarks>To be added.</remarks>
        </member>
        <member name="M:System.Json.JsonArray.Clear">
            <summary>To be added.</summary>
            <remarks>To be added.</remarks>
        </member>
        <member name="M:System.Json.JsonArray.Contains(System.Json.JsonValue)">
            <param name="item">To be added.</param>
            <summary>To be added.</summary>
            <returns>To be added.</returns>
            <remarks>To be added.</remarks>
        </member>
        <member name="M:System.Json.JsonArray.CopyTo(System.Json.JsonValue[],System.Int32)">
            <param name="array">To be added.</param>
            <param name="arrayIndex">To be added.</param>
            <summary>To be added.</summary>
            <remarks>To be added.</remarks>
        </member>
        <member name="P:System.Json.JsonArray.Count">
            <summary>To be added.</summary>
            <value>To be added.</value>
            <remarks>To be added.</remarks>
        </member>
        <member name="M:System.Json.JsonArray.IndexOf(System.Json.JsonValue)">
            <param name="item">To be added.</param>
            <summary>To be added.</summary>
            <returns>To be added.</returns>
            <remarks>To be added.</remarks>
        </member>
        <member name="M:System.Json.JsonArray.Insert(System.Int32,System.Json.JsonValue)">
            <param name="index">To be added.</param>
            <param name="item">To be added.</param>
            <summary>To be added.</summary>
            <remarks>To be added.</remarks>
        </member>
        <member name="P:System.Json.JsonArray.IsReadOnly">
            <summary>To be added.</summary>
            <value>To be added.</value>
            <remarks>To be added.</remarks>
        </member>
        <member name="P:System.Json.JsonArray.Item(System.Int32)">
            <param name="index">To be added.</param>
            <summary>To be added.</summary>
            <value>To be added.</value>
            <remarks>To be added.</remarks>
        </member>
        <member name="P:System.Json.JsonArray.JsonType">
            <summary>To be added.</summary>
            <value>To be added.</value>
            <remarks>To be added.</remarks>
        </member>
        <member name="M:System.Json.JsonArray.Remove(System.Json.JsonValue)">
            <param name="item">To be added.</param>
            <summary>To be added.</summary>
            <returns>To be added.</returns>
            <remarks>To be added.</remarks>
        </member>
        <member name="M:System.Json.JsonArray.RemoveAt(System.Int32)">
            <param name="index">To be added.</param>
            <summary>To be added.</summary>
            <remarks>To be added.</remarks>
        </member>
        <member name="M:System.Json.JsonArray.Save(System.IO.Stream)">
            <param name="stream">To be added.</param>
            <summary>To be added.</summary>
            <remarks>To be added.</remarks>
        </member>
        <member name="M:System.Json.JsonArray.System#Collections#Generic#IEnumerable{System#Json#JsonValue}#GetEnumerator">
            <summary>To be added.</summary>
            <returns>To be added.</returns>
            <remarks>To be added.</remarks>
        </member>
        <member name="M:System.Json.JsonArray.System#Collections#IEnumerable#GetEnumerator">
            <summary>To be added.</summary>
            <returns>To be added.</returns>
            <remarks>To be added.</remarks>
        </member>
        <member name="T:System.Json.JsonObject">
            <summary>To be added.</summary>
            <remarks>To be added.</remarks>
        </member>
        <member name="C:System.Json.JsonObject(System.Collections.Generic.IEnumerable{System.Collections.Generic.KeyValuePair{System.String,System.Json.JsonValue}})">
            <param name="items">To be added.</param>
            <summary>To be added.</summary>
            <remarks>To be added.</remarks>
        </member>
        <member name="C:System.Json.JsonObject(System.Collections.Generic.KeyValuePair{System.String,System.Json.JsonValue}[])">
            <param name="items">To be added.</param>
            <summary>To be added.</summary>
            <remarks>To be added.</remarks>
        </member>
        <member name="M:System.Json.JsonObject.Add(System.Collections.Generic.KeyValuePair{System.String,System.Json.JsonValue})">
            <param name="pair">To be added.</param>
            <summary>To be added.</summary>
            <remarks>To be added.</remarks>
        </member>
        <member name="M:System.Json.JsonObject.Add(System.String,System.Json.JsonValue)">
            <param name="key">To be added.</param>
            <param name="value">To be added.</param>
            <summary>To be added.</summary>
            <remarks>To be added.</remarks>
        </member>
        <member name="M:System.Json.JsonObject.AddRange(System.Collections.Generic.IEnumerable{System.Collections.Generic.KeyValuePair{System.String,System.Json.JsonValue}})">
            <param name="items">To be added.</param>
            <summary>To be added.</summary>
            <remarks>To be added.</remarks>
        </member>
        <member name="M:System.Json.JsonObject.AddRange(System.Collections.Generic.KeyValuePair{System.String,System.Json.JsonValue}[])">
            <param name="items">To be added.</param>
            <summary>To be added.</summary>
            <remarks>To be added.</remarks>
        </member>
        <member name="M:System.Json.JsonObject.Clear">
            <summary>To be added.</summary>
            <remarks>To be added.</remarks>
        </member>
        <member name="M:System.Json.JsonObject.ContainsKey(System.String)">
            <param name="key">To be added.</param>
            <summary>To be added.</summary>
            <returns>To be added.</returns>
            <remarks>To be added.</remarks>
        </member>
        <member name="M:System.Json.JsonObject.CopyTo(System.Collections.Generic.KeyValuePair{System.String,System.Json.JsonValue}[],System.Int32)">
            <param name="array">To be added.</param>
            <param name="arrayIndex">To be added.</param>
            <summary>To be added.</summary>
            <remarks>To be added.</remarks>
        </member>
        <member name="P:System.Json.JsonObject.Count">
            <summary>To be added.</summary>
            <value>To be added.</value>
            <remarks>To be added.</remarks>
        </member>
        <member name="M:System.Json.JsonObject.GetEnumerator">
            <summary>To be added.</summary>
            <returns>To be added.</returns>
            <remarks>To be added.</remarks>
        </member>
        <member name="P:System.Json.JsonObject.Item(System.String)">
            <param name="key">To be added.</param>
            <summary>To be added.</summary>
            <value>To be added.</value>
            <remarks>To be added.</remarks>
        </member>
        <member name="P:System.Json.JsonObject.JsonType">
            <summary>To be added.</summary>
            <value>To be added.</value>
            <remarks>To be added.</remarks>
        </member>
        <member name="P:System.Json.JsonObject.Keys">
            <summary>To be added.</summary>
            <value>To be added.</value>
            <remarks>To be added.</remarks>
        </member>
        <member name="M:System.Json.JsonObject.Remove(System.String)">
            <param name="key">To be added.</param>
            <summary>To be added.</summary>
            <returns>To be added.</returns>
            <remarks>To be added.</remarks>
        </member>
        <member name="M:System.Json.JsonObject.Save(System.IO.Stream)">
            <param name="stream">To be added.</param>
            <summary>To be added.</summary>
            <remarks>To be added.</remarks>
        </member>
        <member name="M:System.Json.JsonObject.System#Collections#Generic#ICollection{System#Collections#Generic#KeyValuePair{System#String,System#Json#JsonValue}}#Contains(System.Collections.Generic.KeyValuePair{System.String,System.Json.JsonValue})">
            <param name="item">To be added.</param>
            <summary>To be added.</summary>
            <returns>To be added.</returns>
            <remarks>To be added.</remarks>
        </member>
        <member name="P:System.Json.JsonObject.System#Collections#Generic#ICollection{System#Collections#Generic#KeyValuePair{System#String,System#Json#JsonValue}}#IsReadOnly">
            <summary>To be added.</summary>
            <value>To be added.</value>
            <remarks>To be added.</remarks>
        </member>
        <member name="M:System.Json.JsonObject.System#Collections#Generic#ICollection{System#Collections#Generic#KeyValuePair{System#String,System#Json#JsonValue}}#Remove(System.Collections.Generic.KeyValuePair{System.String,System.Json.JsonValue})">
            <param name="item">To be added.</param>
            <summary>To be added.</summary>
            <returns>To be added.</returns>
            <remarks>To be added.</remarks>
        </member>
        <member name="M:System.Json.JsonObject.System#Collections#IEnumerable#GetEnumerator">
            <summary>To be added.</summary>
            <returns>To be added.</returns>
            <remarks>To be added.</remarks>
        </member>
        <member name="M:System.Json.JsonObject.TryGetValue(System.String,System.Json.JsonValue@)">
            <param name="key">To be added.</param>
            <param name="value">To be added.</param>
            <summary>To be added.</summary>
            <returns>To be added.</returns>
            <remarks>To be added.</remarks>
        </member>
        <member name="P:System.Json.JsonObject.Values">
            <summary>To be added.</summary>
            <value>To be added.</value>
            <remarks>To be added.</remarks>
        </member>
        <member name="T:System.Json.JsonPrimitive">
            <summary>To be added.</summary>
            <remarks>To be added.</remarks>
        </member>
        <member name="C:System.Json.JsonPrimitive(System.Boolean)">
            <param name="value">To be added.</param>
            <summary>To be added.</summary>
            <remarks>To be added.</remarks>
        </member>
        <member name="C:System.Json.JsonPrimitive(System.Byte)">
            <param name="value">To be added.</param>
            <summary>To be added.</summary>
            <remarks>To be added.</remarks>
        </member>
        <member name="C:System.Json.JsonPrimitive(System.Char)">
            <param name="value">To be added.</param>
            <summary>To be added.</summary>
            <remarks>To be added.</remarks>
        </member>
        <member name="C:System.Json.JsonPrimitive(System.DateTime)">
            <param name="value">To be added.</param>
            <summary>To be added.</summary>
            <remarks>To be added.</remarks>
        </member>
        <member name="C:System.Json.JsonPrimitive(System.DateTimeOffset)">
            <param name="value">To be added.</param>
            <summary>To be added.</summary>
            <remarks>To be added.</remarks>
        </member>
        <member name="C:System.Json.JsonPrimitive(System.Decimal)">
            <param name="value">To be added.</param>
            <summary>To be added.</summary>
            <remarks>To be added.</remarks>
        </member>
        <member name="C:System.Json.JsonPrimitive(System.Double)">
            <param name="value">To be added.</param>
            <summary>To be added.</summary>
            <remarks>To be added.</remarks>
        </member>
        <member name="C:System.Json.JsonPrimitive(System.Guid)">
            <param name="value">To be added.</param>
            <summary>To be added.</summary>
            <remarks>To be added.</remarks>
        </member>
        <member name="C:System.Json.JsonPrimitive(System.Int16)">
            <param name="value">To be added.</param>
            <summary>To be added.</summary>
            <remarks>To be added.</remarks>
        </member>
        <member name="C:System.Json.JsonPrimitive(System.Int32)">
            <param name="value">To be added.</param>
            <summary>To be added.</summary>
            <remarks>To be added.</remarks>
        </member>
        <member name="C:System.Json.JsonPrimitive(System.Int64)">
            <param name="value">To be added.</param>
            <summary>To be added.</summary>
            <remarks>To be added.</remarks>
        </member>
        <member name="C:System.Json.JsonPrimitive(System.SByte)">
            <param name="value">To be added.</param>
            <summary>To be added.</summary>
            <remarks>To be added.</remarks>
        </member>
        <member name="C:System.Json.JsonPrimitive(System.Single)">
            <param name="value">To be added.</param>
            <summary>To be added.</summary>
            <remarks>To be added.</remarks>
        </member>
        <member name="C:System.Json.JsonPrimitive(System.String)">
            <param name="value">To be added.</param>
            <summary>To be added.</summary>
            <remarks>To be added.</remarks>
        </member>
        <member name="C:System.Json.JsonPrimitive(System.TimeSpan)">
            <param name="value">To be added.</param>
            <summary>To be added.</summary>
            <remarks>To be added.</remarks>
        </member>
        <member name="C:System.Json.JsonPrimitive(System.UInt16)">
            <param name="value">To be added.</param>
            <summary>To be added.</summary>
            <remarks>To be added.</remarks>
        </member>
        <member name="C:System.Json.JsonPrimitive(System.UInt32)">
            <param name="value">To be added.</param>
            <summary>To be added.</summary>
            <remarks>To be added.</remarks>
        </member>
        <member name="C:System.Json.JsonPrimitive(System.UInt64)">
            <param name="value">To be added.</param>
            <summary>To be added.</summary>
            <remarks>To be added.</remarks>
        </member>
        <member name="C:System.Json.JsonPrimitive(System.Uri)">
            <param name="value">To be added.</param>
            <summary>To be added.</summary>
            <remarks>To be added.</remarks>
        </member>
        <member name="P:System.Json.JsonPrimitive.JsonType">
            <summary>To be added.</summary>
            <value>To be added.</value>
            <remarks>To be added.</remarks>
        </member>
        <member name="M:System.Json.JsonPrimitive.Save(System.IO.Stream)">
            <param name="stream">To be added.</param>
            <summary>To be added.</summary>
            <remarks>To be added.</remarks>
        </member>
        <member name="T:System.Json.JsonType">
            <summary>To be added.</summary>
            <remarks>To be added.</remarks>
        </member>
        <member name="F:System.Json.JsonType.Array">
            <summary>To be added.</summary>
        </member>
        <member name="F:System.Json.JsonType.Boolean">
            <summary>To be added.</summary>
        </member>
        <member name="F:System.Json.JsonType.Number">
            <summary>To be added.</summary>
        </member>
        <member name="F:System.Json.JsonType.Object">
            <summary>To be added.</summary>
        </member>
        <member name="F:System.Json.JsonType.String">
            <summary>To be added.</summary>
        </member>
        <member name="T:System.Json.JsonValue">
            <summary>To be added.</summary>
            <remarks>To be added.</remarks>
        </member>
        <member name="C:System.Json.JsonValue">
            <summary>To be added.</summary>
            <remarks>To be added.</remarks>
        </member>
        <member name="M:System.Json.JsonValue.ContainsKey(System.String)">
            <param name="key">To be added.</param>
            <summary>To be added.</summary>
            <returns>To be added.</returns>
            <remarks>To be added.</remarks>
        </member>
        <member name="P:System.Json.JsonValue.Count">
            <summary>To be added.</summary>
            <value>To be added.</value>
            <remarks>To be added.</remarks>
        </member>
        <member name="P:System.Json.JsonValue.Item(System.Int32)">
            <param name="index">To be added.</param>
            <summary>To be added.</summary>
            <value>To be added.</value>
            <remarks>To be added.</remarks>
        </member>
        <member name="P:System.Json.JsonValue.Item(System.String)">
            <param name="key">To be added.</param>
            <summary>To be added.</summary>
            <value>To be added.</value>
            <remarks>To be added.</remarks>
        </member>
        <member name="P:System.Json.JsonValue.JsonType">
            <summary>To be added.</summary>
            <value>To be added.</value>
            <remarks>To be added.</remarks>
        </member>
        <member name="M:System.Json.JsonValue.Load(System.IO.Stream)">
            <param name="stream">To be added.</param>
            <summary>To be added.</summary>
            <returns>To be added.</returns>
            <remarks>To be added.</remarks>
        </member>
        <member name="M:System.Json.JsonValue.Load(System.IO.TextReader)">
            <param name="textReader">To be added.</param>
            <summary>To be added.</summary>
            <returns>To be added.</returns>
            <remarks>To be added.</remarks>
        </member>
        <member name="M:System.Json.JsonValue.op_Implicit(System.Boolean)~System.Json.JsonValue">
            <param name="value">To be added.</param>
            <summary>To be added.</summary>
            <returns>To be added.</returns>
            <remarks>To be added.</remarks>
        </member>
        <member name="M:System.Json.JsonValue.op_Implicit(System.Byte)~System.Json.JsonValue">
            <param name="value">To be added.</param>
            <summary>To be added.</summary>
            <returns>To be added.</returns>
            <remarks>To be added.</remarks>
        </member>
        <member name="M:System.Json.JsonValue.op_Implicit(System.Char)~System.Json.JsonValue">
            <param name="value">To be added.</param>
            <summary>To be added.</summary>
            <returns>To be added.</returns>
            <remarks>To be added.</remarks>
        </member>
        <member name="M:System.Json.JsonValue.op_Implicit(System.DateTime)~System.Json.JsonValue">
            <param name="value">To be added.</param>
            <summary>To be added.</summary>
            <returns>To be added.</returns>
            <remarks>To be added.</remarks>
        </member>
        <member name="M:System.Json.JsonValue.op_Implicit(System.DateTimeOffset)~System.Json.JsonValue">
            <param name="value">To be added.</param>
            <summary>To be added.</summary>
            <returns>To be added.</returns>
            <remarks>To be added.</remarks>
        </member>
        <member name="M:System.Json.JsonValue.op_Implicit(System.Decimal)~System.Json.JsonValue">
            <param name="value">To be added.</param>
            <summary>To be added.</summary>
            <returns>To be added.</returns>
            <remarks>To be added.</remarks>
        </member>
        <member name="M:System.Json.JsonValue.op_Implicit(System.Double)~System.Json.JsonValue">
            <param name="value">To be added.</param>
            <summary>To be added.</summary>
            <returns>To be added.</returns>
            <remarks>To be added.</remarks>
        </member>
        <member name="M:System.Json.JsonValue.op_Implicit(System.Guid)~System.Json.JsonValue">
            <param name="value">To be added.</param>
            <summary>To be added.</summary>
            <returns>To be added.</returns>
            <remarks>To be added.</remarks>
        </member>
        <member name="M:System.Json.JsonValue.op_Implicit(System.Int16)~System.Json.JsonValue">
            <param name="value">To be added.</param>
            <summary>To be added.</summary>
            <returns>To be added.</returns>
            <remarks>To be added.</remarks>
        </member>
        <member name="M:System.Json.JsonValue.op_Implicit(System.Int32)~System.Json.JsonValue">
            <param name="value">To be added.</param>
            <summary>To be added.</summary>
            <returns>To be added.</returns>
            <remarks>To be added.</remarks>
        </member>
        <member name="M:System.Json.JsonValue.op_Implicit(System.Int64)~System.Json.JsonValue">
            <param name="value">To be added.</param>
            <summary>To be added.</summary>
            <returns>To be added.</returns>
            <remarks>To be added.</remarks>
        </member>
        <member name="M:System.Json.JsonValue.op_Implicit(System.Json.JsonValue)~System.Boolean">
            <param name="value">To be added.</param>
            <summary>To be added.</summary>
            <returns>To be added.</returns>
            <remarks>To be added.</remarks>
        </member>
        <member name="M:System.Json.JsonValue.op_Implicit(System.Json.JsonValue)~System.Byte">
            <param name="value">To be added.</param>
            <summary>To be added.</summary>
            <returns>To be added.</returns>
            <remarks>To be added.</remarks>
        </member>
        <member name="M:System.Json.JsonValue.op_Implicit(System.Json.JsonValue)~System.Char">
            <param name="value">To be added.</param>
            <summary>To be added.</summary>
            <returns>To be added.</returns>
            <remarks>To be added.</remarks>
        </member>
        <member name="M:System.Json.JsonValue.op_Implicit(System.Json.JsonValue)~System.DateTime">
            <param name="value">To be added.</param>
            <summary>To be added.</summary>
            <returns>To be added.</returns>
            <remarks>To be added.</remarks>
        </member>
        <member name="M:System.Json.JsonValue.op_Implicit(System.Json.JsonValue)~System.DateTimeOffset">
            <param name="value">To be added.</param>
            <summary>To be added.</summary>
            <returns>To be added.</returns>
            <remarks>To be added.</remarks>
        </member>
        <member name="M:System.Json.JsonValue.op_Implicit(System.Json.JsonValue)~System.Decimal">
            <param name="value">To be added.</param>
            <summary>To be added.</summary>
            <returns>To be added.</returns>
            <remarks>To be added.</remarks>
        </member>
        <member name="M:System.Json.JsonValue.op_Implicit(System.Json.JsonValue)~System.Double">
            <param name="value">To be added.</param>
            <summary>To be added.</summary>
            <returns>To be added.</returns>
            <remarks>To be added.</remarks>
        </member>
        <member name="M:System.Json.JsonValue.op_Implicit(System.Json.JsonValue)~System.Guid">
            <param name="value">To be added.</param>
            <summary>To be added.</summary>
            <returns>To be added.</returns>
            <remarks>To be added.</remarks>
        </member>
        <member name="M:System.Json.JsonValue.op_Implicit(System.Json.JsonValue)~System.Int16">
            <param name="value">To be added.</param>
            <summary>To be added.</summary>
            <returns>To be added.</returns>
            <remarks>To be added.</remarks>
        </member>
        <member name="M:System.Json.JsonValue.op_Implicit(System.Json.JsonValue)~System.Int32">
            <param name="value">To be added.</param>
            <summary>To be added.</summary>
            <returns>To be added.</returns>
            <remarks>To be added.</remarks>
        </member>
        <member name="M:System.Json.JsonValue.op_Implicit(System.Json.JsonValue)~System.Int64">
            <param name="value">To be added.</param>
            <summary>To be added.</summary>
            <returns>To be added.</returns>
            <remarks>To be added.</remarks>
        </member>
        <member name="M:System.Json.JsonValue.op_Implicit(System.Json.JsonValue)~System.SByte">
            <param name="value">To be added.</param>
            <summary>To be added.</summary>
            <returns>To be added.</returns>
            <remarks>To be added.</remarks>
        </member>
        <member name="M:System.Json.JsonValue.op_Implicit(System.Json.JsonValue)~System.Single">
            <param name="value">To be added.</param>
            <summary>To be added.</summary>
            <returns>To be added.</returns>
            <remarks>To be added.</remarks>
        </member>
        <member name="M:System.Json.JsonValue.op_Implicit(System.Json.JsonValue)~System.String">
            <param name="value">To be added.</param>
            <summary>To be added.</summary>
            <returns>To be added.</returns>
            <remarks>To be added.</remarks>
        </member>
        <member name="M:System.Json.JsonValue.op_Implicit(System.Json.JsonValue)~System.TimeSpan">
            <param name="value">To be added.</param>
            <summary>To be added.</summary>
            <returns>To be added.</returns>
            <remarks>To be added.</remarks>
        </member>
        <member name="M:System.Json.JsonValue.op_Implicit(System.Json.JsonValue)~System.UInt16">
            <param name="value">To be added.</param>
            <summary>To be added.</summary>
            <returns>To be added.</returns>
            <remarks>To be added.</remarks>
        </member>
        <member name="M:System.Json.JsonValue.op_Implicit(System.Json.JsonValue)~System.UInt32">
            <param name="value">To be added.</param>
            <summary>To be added.</summary>
            <returns>To be added.</returns>
            <remarks>To be added.</remarks>
        </member>
        <member name="M:System.Json.JsonValue.op_Implicit(System.Json.JsonValue)~System.UInt64">
            <param name="value">To be added.</param>
            <summary>To be added.</summary>
            <returns>To be added.</returns>
            <remarks>To be added.</remarks>
        </member>
        <member name="M:System.Json.JsonValue.op_Implicit(System.Json.JsonValue)~System.Uri">
            <param name="value">To be added.</param>
            <summary>To be added.</summary>
            <returns>To be added.</returns>
            <remarks>To be added.</remarks>
        </member>
        <member name="M:System.Json.JsonValue.op_Implicit(System.SByte)~System.Json.JsonValue">
            <param name="value">To be added.</param>
            <summary>To be added.</summary>
            <returns>To be added.</returns>
            <remarks>To be added.</remarks>
        </member>
        <member name="M:System.Json.JsonValue.op_Implicit(System.Single)~System.Json.JsonValue">
            <param name="value">To be added.</param>
            <summary>To be added.</summary>
            <returns>To be added.</returns>
            <remarks>To be added.</remarks>
        </member>
        <member name="M:System.Json.JsonValue.op_Implicit(System.String)~System.Json.JsonValue">
            <param name="value">To be added.</param>
            <summary>To be added.</summary>
            <returns>To be added.</returns>
            <remarks>To be added.</remarks>
        </member>
        <member name="M:System.Json.JsonValue.op_Implicit(System.TimeSpan)~System.Json.JsonValue">
            <param name="value">To be added.</param>
            <summary>To be added.</summary>
            <returns>To be added.</returns>
            <remarks>To be added.</remarks>
        </member>
        <member name="M:System.Json.JsonValue.op_Implicit(System.UInt16)~System.Json.JsonValue">
            <param name="value">To be added.</param>
            <summary>To be added.</summary>
            <returns>To be added.</returns>
            <remarks>To be added.</remarks>
        </member>
        <member name="M:System.Json.JsonValue.op_Implicit(System.UInt32)~System.Json.JsonValue">
            <param name="value">To be added.</param>
            <summary>To be added.</summary>
            <returns>To be added.</returns>
            <remarks>To be added.</remarks>
        </member>
        <member name="M:System.Json.JsonValue.op_Implicit(System.UInt64)~System.Json.JsonValue">
            <param name="value">To be added.</param>
            <summary>To be added.</summary>
            <returns>To be added.</returns>
            <remarks>To be added.</remarks>
        </member>
        <member name="M:System.Json.JsonValue.op_Implicit(System.Uri)~System.Json.JsonValue">
            <param name="value">To be added.</param>
            <summary>To be added.</summary>
            <returns>To be added.</returns>
            <remarks>To be added.</remarks>
        </member>
        <member name="M:System.Json.JsonValue.Parse(System.String)">
            <param name="jsonString">To be added.</param>
            <summary>To be added.</summary>
            <returns>To be added.</returns>
            <remarks>To be added.</remarks>
        </member>
        <member name="M:System.Json.JsonValue.Save(System.IO.Stream)">
            <param name="stream">To be added.</param>
            <summary>To be added.</summary>
            <remarks>To be added.</remarks>
        </member>
        <member name="M:System.Json.JsonValue.Save(System.IO.TextWriter)">
            <param name="textWriter">To be added.</param>
            <summary>To be added.</summary>
            <remarks>To be added.</remarks>
        </member>
        <member name="M:System.Json.JsonValue.System#Collections#IEnumerable#GetEnumerator">
            <summary>To be added.</summary>
            <returns>To be added.</returns>
            <remarks>To be added.</remarks>
        </member>
        <member name="M:System.Json.JsonValue.ToString">
            <summary>To be added.</summary>
            <returns>To be added.</returns>
            <remarks>To be added.</remarks>
        </member>
    </members>
</doc>
