<doc>
    <assembly>
        <name>System.ComponentModel.DataAnnotations</name>
    </assembly>
    <members>
        <member name="T:System.ComponentModel.DataAnnotations.AssociatedMetadataTypeTypeDescriptionProvider">
            <summary>To be added.</summary>
            <remarks>To be added.</remarks>
        </member>
        <member name="C:System.ComponentModel.DataAnnotations.AssociatedMetadataTypeTypeDescriptionProvider(System.Type)">
            <param name="type">To be added.</param>
            <summary>To be added.</summary>
            <remarks>To be added.</remarks>
        </member>
        <member name="C:System.ComponentModel.DataAnnotations.AssociatedMetadataTypeTypeDescriptionProvider(System.Type,System.Type)">
            <param name="type">To be added.</param>
            <param name="associatedMetadataType">To be added.</param>
            <summary>To be added.</summary>
            <remarks>To be added.</remarks>
        </member>
        <member name="M:System.ComponentModel.DataAnnotations.AssociatedMetadataTypeTypeDescriptionProvider.GetTypeDescriptor(System.Type,System.Object)">
            <param name="objectType">To be added.</param>
            <param name="instance">To be added.</param>
            <summary>To be added.</summary>
            <returns>To be added.</returns>
            <remarks>To be added.</remarks>
        </member>
        <member name="T:System.ComponentModel.DataAnnotations.AssociationAttribute">
            <summary>To be added.</summary>
            <remarks>To be added.</remarks>
        </member>
        <member name="C:System.ComponentModel.DataAnnotations.AssociationAttribute(System.String,System.String,System.String)">
            <param name="name">To be added.</param>
            <param name="thisKey">To be added.</param>
            <param name="otherKey">To be added.</param>
            <summary>To be added.</summary>
            <remarks>To be added.</remarks>
        </member>
        <member name="P:System.ComponentModel.DataAnnotations.AssociationAttribute.IsForeignKey">
            <summary>To be added.</summary>
            <value>To be added.</value>
            <remarks>To be added.</remarks>
        </member>
        <member name="P:System.ComponentModel.DataAnnotations.AssociationAttribute.Name">
            <summary>To be added.</summary>
            <value>To be added.</value>
            <remarks>To be added.</remarks>
        </member>
        <member name="P:System.ComponentModel.DataAnnotations.AssociationAttribute.OtherKey">
            <summary>To be added.</summary>
            <value>To be added.</value>
            <remarks>To be added.</remarks>
        </member>
        <member name="P:System.ComponentModel.DataAnnotations.AssociationAttribute.OtherKeyMembers">
            <summary>To be added.</summary>
            <value>To be added.</value>
            <remarks>To be added.</remarks>
        </member>
        <member name="P:System.ComponentModel.DataAnnotations.AssociationAttribute.ThisKey">
            <summary>To be added.</summary>
            <value>To be added.</value>
            <remarks>To be added.</remarks>
        </member>
        <member name="P:System.ComponentModel.DataAnnotations.AssociationAttribute.ThisKeyMembers">
            <summary>To be added.</summary>
            <value>To be added.</value>
            <remarks>To be added.</remarks>
        </member>
        <member name="T:System.ComponentModel.DataAnnotations.BindableTypeAttribute">
            <summary>To be added.</summary>
            <remarks>To be added.</remarks>
        </member>
        <member name="C:System.ComponentModel.DataAnnotations.BindableTypeAttribute">
            <summary>To be added.</summary>
            <remarks>To be added.</remarks>
        </member>
        <member name="P:System.ComponentModel.DataAnnotations.BindableTypeAttribute.IsBindable">
            <summary>To be added.</summary>
            <value>To be added.</value>
            <remarks>To be added.</remarks>
        </member>
        <member name="T:System.ComponentModel.DataAnnotations.CompareAttribute">
            <summary>To be added.</summary>
            <remarks>To be added.</remarks>
        </member>
        <member name="C:System.ComponentModel.DataAnnotations.CompareAttribute(System.String)">
            <param name="otherProperty">To be added.</param>
            <summary>To be added.</summary>
            <remarks>To be added.</remarks>
        </member>
        <member name="M:System.ComponentModel.DataAnnotations.CompareAttribute.FormatErrorMessage(System.String)">
            <param name="name">To be added.</param>
            <summary>To be added.</summary>
            <returns>To be added.</returns>
            <remarks>To be added.</remarks>
        </member>
        <member name="M:System.ComponentModel.DataAnnotations.CompareAttribute.IsValid(System.Object,System.ComponentModel.DataAnnotations.ValidationContext)">
            <param name="value">To be added.</param>
            <param name="validationContext">To be added.</param>
            <summary>To be added.</summary>
            <returns>To be added.</returns>
            <remarks>To be added.</remarks>
        </member>
        <member name="P:System.ComponentModel.DataAnnotations.CompareAttribute.OtherProperty">
            <summary>To be added.</summary>
            <value>To be added.</value>
            <remarks>To be added.</remarks>
        </member>
        <member name="P:System.ComponentModel.DataAnnotations.CompareAttribute.OtherPropertyDisplayName">
            <summary>To be added.</summary>
            <value>To be added.</value>
            <remarks>To be added.</remarks>
        </member>
        <member name="P:System.ComponentModel.DataAnnotations.CompareAttribute.RequiresValidationContext">
            <summary>To be added.</summary>
            <value>To be added.</value>
            <remarks>To be added.</remarks>
        </member>
        <member name="T:System.ComponentModel.DataAnnotations.ConcurrencyCheckAttribute">
            <summary>To be added.</summary>
            <remarks>To be added.</remarks>
        </member>
        <member name="C:System.ComponentModel.DataAnnotations.ConcurrencyCheckAttribute">
            <summary>To be added.</summary>
            <remarks>To be added.</remarks>
        </member>
        <member name="T:System.ComponentModel.DataAnnotations.CreditCardAttribute">
            <summary>To be added.</summary>
            <remarks>To be added.</remarks>
        </member>
        <member name="C:System.ComponentModel.DataAnnotations.CreditCardAttribute">
            <summary>To be added.</summary>
            <remarks>To be added.</remarks>
        </member>
        <member name="M:System.ComponentModel.DataAnnotations.CreditCardAttribute.IsValid(System.Object)">
            <param name="value">To be added.</param>
            <summary>To be added.</summary>
            <returns>To be added.</returns>
            <remarks>To be added.</remarks>
        </member>
        <member name="T:System.ComponentModel.DataAnnotations.CustomValidationAttribute">
            <summary>To be added.</summary>
            <remarks>To be added.</remarks>
        </member>
        <member name="C:System.ComponentModel.DataAnnotations.CustomValidationAttribute(System.Type,System.String)">
            <param name="validatorType">To be added.</param>
            <param name="method">To be added.</param>
            <summary>To be added.</summary>
            <remarks>To be added.</remarks>
        </member>
        <member name="M:System.ComponentModel.DataAnnotations.CustomValidationAttribute.FormatErrorMessage(System.String)">
            <param name="name">To be added.</param>
            <summary>To be added.</summary>
            <returns>To be added.</returns>
            <remarks>To be added.</remarks>
        </member>
        <member name="M:System.ComponentModel.DataAnnotations.CustomValidationAttribute.IsValid(System.Object,System.ComponentModel.DataAnnotations.ValidationContext)">
            <param name="value">To be added.</param>
            <param name="validationContext">To be added.</param>
            <summary>To be added.</summary>
            <returns>To be added.</returns>
            <remarks>To be added.</remarks>
        </member>
        <member name="P:System.ComponentModel.DataAnnotations.CustomValidationAttribute.Method">
            <summary>To be added.</summary>
            <value>To be added.</value>
            <remarks>To be added.</remarks>
        </member>
        <member name="P:System.ComponentModel.DataAnnotations.CustomValidationAttribute.TypeId">
            <summary>To be added.</summary>
            <value>To be added.</value>
            <remarks>To be added.</remarks>
        </member>
        <member name="P:System.ComponentModel.DataAnnotations.CustomValidationAttribute.ValidatorType">
            <summary>To be added.</summary>
            <value>To be added.</value>
            <remarks>To be added.</remarks>
        </member>
        <member name="T:System.ComponentModel.DataAnnotations.DataType">
            <summary>To be added.</summary>
            <remarks>To be added.</remarks>
        </member>
        <member name="F:System.ComponentModel.DataAnnotations.DataType.CreditCard">
            <summary>To be added.</summary>
        </member>
        <member name="F:System.ComponentModel.DataAnnotations.DataType.Currency">
            <summary>To be added.</summary>
        </member>
        <member name="F:System.ComponentModel.DataAnnotations.DataType.Custom">
            <summary>To be added.</summary>
        </member>
        <member name="F:System.ComponentModel.DataAnnotations.DataType.Date">
            <summary>To be added.</summary>
        </member>
        <member name="F:System.ComponentModel.DataAnnotations.DataType.DateTime">
            <summary>To be added.</summary>
        </member>
        <member name="F:System.ComponentModel.DataAnnotations.DataType.Duration">
            <summary>To be added.</summary>
        </member>
        <member name="F:System.ComponentModel.DataAnnotations.DataType.EmailAddress">
            <summary>To be added.</summary>
        </member>
        <member name="F:System.ComponentModel.DataAnnotations.DataType.Html">
            <summary>To be added.</summary>
        </member>
        <member name="F:System.ComponentModel.DataAnnotations.DataType.ImageUrl">
            <summary>To be added.</summary>
        </member>
        <member name="F:System.ComponentModel.DataAnnotations.DataType.MultilineText">
            <summary>To be added.</summary>
        </member>
        <member name="F:System.ComponentModel.DataAnnotations.DataType.Password">
            <summary>To be added.</summary>
        </member>
        <member name="F:System.ComponentModel.DataAnnotations.DataType.PhoneNumber">
            <summary>To be added.</summary>
        </member>
        <member name="F:System.ComponentModel.DataAnnotations.DataType.PostalCode">
            <summary>To be added.</summary>
        </member>
        <member name="F:System.ComponentModel.DataAnnotations.DataType.Text">
            <summary>To be added.</summary>
        </member>
        <member name="F:System.ComponentModel.DataAnnotations.DataType.Time">
            <summary>To be added.</summary>
        </member>
        <member name="F:System.ComponentModel.DataAnnotations.DataType.Upload">
            <summary>To be added.</summary>
        </member>
        <member name="F:System.ComponentModel.DataAnnotations.DataType.Url">
            <summary>To be added.</summary>
        </member>
        <member name="T:System.ComponentModel.DataAnnotations.DataTypeAttribute">
            <summary>To be added.</summary>
            <remarks>To be added.</remarks>
        </member>
        <member name="C:System.ComponentModel.DataAnnotations.DataTypeAttribute(System.ComponentModel.DataAnnotations.DataType)">
            <param name="dataType">To be added.</param>
            <summary>To be added.</summary>
            <remarks>To be added.</remarks>
        </member>
        <member name="C:System.ComponentModel.DataAnnotations.DataTypeAttribute(System.String)">
            <param name="customDataType">To be added.</param>
            <summary>To be added.</summary>
            <remarks>To be added.</remarks>
        </member>
        <member name="P:System.ComponentModel.DataAnnotations.DataTypeAttribute.CustomDataType">
            <summary>To be added.</summary>
            <value>To be added.</value>
            <remarks>To be added.</remarks>
        </member>
        <member name="P:System.ComponentModel.DataAnnotations.DataTypeAttribute.DataType">
            <summary>To be added.</summary>
            <value>To be added.</value>
            <remarks>To be added.</remarks>
        </member>
        <member name="P:System.ComponentModel.DataAnnotations.DataTypeAttribute.DisplayFormat">
            <summary>To be added.</summary>
            <value>To be added.</value>
            <remarks>To be added.</remarks>
        </member>
        <member name="M:System.ComponentModel.DataAnnotations.DataTypeAttribute.GetDataTypeName">
            <summary>To be added.</summary>
            <returns>To be added.</returns>
            <remarks>To be added.</remarks>
        </member>
        <member name="M:System.ComponentModel.DataAnnotations.DataTypeAttribute.IsValid(System.Object)">
            <param name="value">To be added.</param>
            <summary>To be added.</summary>
            <returns>To be added.</returns>
            <remarks>To be added.</remarks>
        </member>
        <member name="T:System.ComponentModel.DataAnnotations.DisplayAttribute">
            <summary>To be added.</summary>
            <remarks>To be added.</remarks>
        </member>
        <member name="C:System.ComponentModel.DataAnnotations.DisplayAttribute">
            <summary>To be added.</summary>
            <remarks>To be added.</remarks>
        </member>
        <member name="P:System.ComponentModel.DataAnnotations.DisplayAttribute.AutoGenerateField">
            <summary>To be added.</summary>
            <value>To be added.</value>
            <remarks>To be added.</remarks>
        </member>
        <member name="P:System.ComponentModel.DataAnnotations.DisplayAttribute.AutoGenerateFilter">
            <summary>To be added.</summary>
            <value>To be added.</value>
            <remarks>To be added.</remarks>
        </member>
        <member name="P:System.ComponentModel.DataAnnotations.DisplayAttribute.Description">
            <summary>To be added.</summary>
            <value>To be added.</value>
            <remarks>To be added.</remarks>
        </member>
        <member name="M:System.ComponentModel.DataAnnotations.DisplayAttribute.GetAutoGenerateField">
            <summary>To be added.</summary>
            <returns>To be added.</returns>
            <remarks>To be added.</remarks>
        </member>
        <member name="M:System.ComponentModel.DataAnnotations.DisplayAttribute.GetAutoGenerateFilter">
            <summary>To be added.</summary>
            <returns>To be added.</returns>
            <remarks>To be added.</remarks>
        </member>
        <member name="M:System.ComponentModel.DataAnnotations.DisplayAttribute.GetDescription">
            <summary>To be added.</summary>
            <returns>To be added.</returns>
            <remarks>To be added.</remarks>
        </member>
        <member name="M:System.ComponentModel.DataAnnotations.DisplayAttribute.GetGroupName">
            <summary>To be added.</summary>
            <returns>To be added.</returns>
            <remarks>To be added.</remarks>
        </member>
        <member name="M:System.ComponentModel.DataAnnotations.DisplayAttribute.GetName">
            <summary>To be added.</summary>
            <returns>To be added.</returns>
            <remarks>To be added.</remarks>
        </member>
        <member name="M:System.ComponentModel.DataAnnotations.DisplayAttribute.GetOrder">
            <summary>To be added.</summary>
            <returns>To be added.</returns>
            <remarks>To be added.</remarks>
        </member>
        <member name="M:System.ComponentModel.DataAnnotations.DisplayAttribute.GetPrompt">
            <summary>To be added.</summary>
            <returns>To be added.</returns>
            <remarks>To be added.</remarks>
        </member>
        <member name="M:System.ComponentModel.DataAnnotations.DisplayAttribute.GetShortName">
            <summary>To be added.</summary>
            <returns>To be added.</returns>
            <remarks>To be added.</remarks>
        </member>
        <member name="P:System.ComponentModel.DataAnnotations.DisplayAttribute.GroupName">
            <summary>To be added.</summary>
            <value>To be added.</value>
            <remarks>To be added.</remarks>
        </member>
        <member name="P:System.ComponentModel.DataAnnotations.DisplayAttribute.Name">
            <summary>To be added.</summary>
            <value>To be added.</value>
            <remarks>To be added.</remarks>
        </member>
        <member name="P:System.ComponentModel.DataAnnotations.DisplayAttribute.Order">
            <summary>To be added.</summary>
            <value>To be added.</value>
            <remarks>To be added.</remarks>
        </member>
        <member name="P:System.ComponentModel.DataAnnotations.DisplayAttribute.Prompt">
            <summary>To be added.</summary>
            <value>To be added.</value>
            <remarks>To be added.</remarks>
        </member>
        <member name="P:System.ComponentModel.DataAnnotations.DisplayAttribute.ResourceType">
            <summary>To be added.</summary>
            <value>To be added.</value>
            <remarks>To be added.</remarks>
        </member>
        <member name="P:System.ComponentModel.DataAnnotations.DisplayAttribute.ShortName">
            <summary>To be added.</summary>
            <value>To be added.</value>
            <remarks>To be added.</remarks>
        </member>
        <member name="T:System.ComponentModel.DataAnnotations.DisplayColumnAttribute">
            <summary>To be added.</summary>
            <remarks>To be added.</remarks>
        </member>
        <member name="C:System.ComponentModel.DataAnnotations.DisplayColumnAttribute(System.String)">
            <param name="displayColumn">To be added.</param>
            <summary>To be added.</summary>
            <remarks>To be added.</remarks>
        </member>
        <member name="C:System.ComponentModel.DataAnnotations.DisplayColumnAttribute(System.String,System.String)">
            <param name="displayColumn">To be added.</param>
            <param name="sortColumn">To be added.</param>
            <summary>To be added.</summary>
            <remarks>To be added.</remarks>
        </member>
        <member name="C:System.ComponentModel.DataAnnotations.DisplayColumnAttribute(System.String,System.String,System.Boolean)">
            <param name="displayColumn">To be added.</param>
            <param name="sortColumn">To be added.</param>
            <param name="sortDescending">To be added.</param>
            <summary>To be added.</summary>
            <remarks>To be added.</remarks>
        </member>
        <member name="P:System.ComponentModel.DataAnnotations.DisplayColumnAttribute.DisplayColumn">
            <summary>To be added.</summary>
            <value>To be added.</value>
            <remarks>To be added.</remarks>
        </member>
        <member name="P:System.ComponentModel.DataAnnotations.DisplayColumnAttribute.SortColumn">
            <summary>To be added.</summary>
            <value>To be added.</value>
            <remarks>To be added.</remarks>
        </member>
        <member name="P:System.ComponentModel.DataAnnotations.DisplayColumnAttribute.SortDescending">
            <summary>To be added.</summary>
            <value>To be added.</value>
            <remarks>To be added.</remarks>
        </member>
        <member name="T:System.ComponentModel.DataAnnotations.DisplayFormatAttribute">
            <summary>To be added.</summary>
            <remarks>To be added.</remarks>
        </member>
        <member name="C:System.ComponentModel.DataAnnotations.DisplayFormatAttribute">
            <summary>To be added.</summary>
            <remarks>To be added.</remarks>
        </member>
        <member name="P:System.ComponentModel.DataAnnotations.DisplayFormatAttribute.ApplyFormatInEditMode">
            <summary>To be added.</summary>
            <value>To be added.</value>
            <remarks>To be added.</remarks>
        </member>
        <member name="P:System.ComponentModel.DataAnnotations.DisplayFormatAttribute.ConvertEmptyStringToNull">
            <summary>To be added.</summary>
            <value>To be added.</value>
            <remarks>To be added.</remarks>
        </member>
        <member name="P:System.ComponentModel.DataAnnotations.DisplayFormatAttribute.DataFormatString">
            <summary>To be added.</summary>
            <value>To be added.</value>
            <remarks>To be added.</remarks>
        </member>
        <member name="P:System.ComponentModel.DataAnnotations.DisplayFormatAttribute.HtmlEncode">
            <summary>To be added.</summary>
            <value>To be added.</value>
            <remarks>To be added.</remarks>
        </member>
        <member name="P:System.ComponentModel.DataAnnotations.DisplayFormatAttribute.NullDisplayText">
            <summary>To be added.</summary>
            <value>To be added.</value>
            <remarks>To be added.</remarks>
        </member>
        <member name="T:System.ComponentModel.DataAnnotations.EditableAttribute">
            <summary>To be added.</summary>
            <remarks>To be added.</remarks>
        </member>
        <member name="C:System.ComponentModel.DataAnnotations.EditableAttribute(System.Boolean)">
            <param name="allowEdit">To be added.</param>
            <summary>To be added.</summary>
            <remarks>To be added.</remarks>
        </member>
        <member name="P:System.ComponentModel.DataAnnotations.EditableAttribute.AllowEdit">
            <summary>To be added.</summary>
            <value>To be added.</value>
            <remarks>To be added.</remarks>
        </member>
        <member name="P:System.ComponentModel.DataAnnotations.EditableAttribute.AllowInitialValue">
            <summary>To be added.</summary>
            <value>To be added.</value>
            <remarks>To be added.</remarks>
        </member>
        <member name="T:System.ComponentModel.DataAnnotations.EmailAddressAttribute">
            <summary>To be added.</summary>
            <remarks>To be added.</remarks>
        </member>
        <member name="C:System.ComponentModel.DataAnnotations.EmailAddressAttribute">
            <summary>To be added.</summary>
            <remarks>To be added.</remarks>
        </member>
        <member name="M:System.ComponentModel.DataAnnotations.EmailAddressAttribute.IsValid(System.Object)">
            <param name="value">To be added.</param>
            <summary>To be added.</summary>
            <returns>To be added.</returns>
            <remarks>To be added.</remarks>
        </member>
        <member name="T:System.ComponentModel.DataAnnotations.EnumDataTypeAttribute">
            <summary>To be added.</summary>
            <remarks>To be added.</remarks>
        </member>
        <member name="C:System.ComponentModel.DataAnnotations.EnumDataTypeAttribute(System.Type)">
            <param name="enumType">To be added.</param>
            <summary>To be added.</summary>
            <remarks>To be added.</remarks>
        </member>
        <member name="P:System.ComponentModel.DataAnnotations.EnumDataTypeAttribute.EnumType">
            <summary>To be added.</summary>
            <value>To be added.</value>
            <remarks>To be added.</remarks>
        </member>
        <member name="M:System.ComponentModel.DataAnnotations.EnumDataTypeAttribute.IsValid(System.Object)">
            <param name="value">To be added.</param>
            <summary>To be added.</summary>
            <returns>To be added.</returns>
            <remarks>To be added.</remarks>
        </member>
        <member name="T:System.ComponentModel.DataAnnotations.FileExtensionsAttribute">
            <summary>To be added.</summary>
            <remarks>To be added.</remarks>
        </member>
        <member name="C:System.ComponentModel.DataAnnotations.FileExtensionsAttribute">
            <summary>To be added.</summary>
            <remarks>To be added.</remarks>
        </member>
        <member name="P:System.ComponentModel.DataAnnotations.FileExtensionsAttribute.Extensions">
            <summary>To be added.</summary>
            <value>To be added.</value>
            <remarks>To be added.</remarks>
        </member>
        <member name="M:System.ComponentModel.DataAnnotations.FileExtensionsAttribute.FormatErrorMessage(System.String)">
            <param name="name">To be added.</param>
            <summary>To be added.</summary>
            <returns>To be added.</returns>
            <remarks>To be added.</remarks>
        </member>
        <member name="M:System.ComponentModel.DataAnnotations.FileExtensionsAttribute.IsValid(System.Object)">
            <param name="value">To be added.</param>
            <summary>To be added.</summary>
            <returns>To be added.</returns>
            <remarks>To be added.</remarks>
        </member>
        <member name="T:System.ComponentModel.DataAnnotations.FilterUIHintAttribute">
            <summary>To be added.</summary>
            <remarks>To be added.</remarks>
        </member>
        <member name="C:System.ComponentModel.DataAnnotations.FilterUIHintAttribute(System.String)">
            <param name="filterUIHint">To be added.</param>
            <summary>To be added.</summary>
            <remarks>To be added.</remarks>
        </member>
        <member name="C:System.ComponentModel.DataAnnotations.FilterUIHintAttribute(System.String,System.String)">
            <param name="filterUIHint">To be added.</param>
            <param name="presentationLayer">To be added.</param>
            <summary>To be added.</summary>
            <remarks>To be added.</remarks>
        </member>
        <member name="C:System.ComponentModel.DataAnnotations.FilterUIHintAttribute(System.String,System.String,System.Object[])">
            <param name="filterUIHint">To be added.</param>
            <param name="presentationLayer">To be added.</param>
            <param name="controlParameters">To be added.</param>
            <summary>To be added.</summary>
            <remarks>To be added.</remarks>
        </member>
        <member name="P:System.ComponentModel.DataAnnotations.FilterUIHintAttribute.ControlParameters">
            <summary>To be added.</summary>
            <value>To be added.</value>
            <remarks>To be added.</remarks>
        </member>
        <member name="M:System.ComponentModel.DataAnnotations.FilterUIHintAttribute.Equals(System.Object)">
            <param name="obj">To be added.</param>
            <summary>To be added.</summary>
            <returns>To be added.</returns>
            <remarks>To be added.</remarks>
        </member>
        <member name="P:System.ComponentModel.DataAnnotations.FilterUIHintAttribute.FilterUIHint">
            <summary>To be added.</summary>
            <value>To be added.</value>
            <remarks>To be added.</remarks>
        </member>
        <member name="M:System.ComponentModel.DataAnnotations.FilterUIHintAttribute.GetHashCode">
            <summary>To be added.</summary>
            <returns>To be added.</returns>
            <remarks>To be added.</remarks>
        </member>
        <member name="P:System.ComponentModel.DataAnnotations.FilterUIHintAttribute.PresentationLayer">
            <summary>To be added.</summary>
            <value>To be added.</value>
            <remarks>To be added.</remarks>
        </member>
        <member name="P:System.ComponentModel.DataAnnotations.FilterUIHintAttribute.TypeId">
            <summary>To be added.</summary>
            <value>To be added.</value>
            <remarks>To be added.</remarks>
        </member>
        <member name="T:System.ComponentModel.DataAnnotations.IValidatableObject">
            <summary>To be added.</summary>
            <remarks>To be added.</remarks>
        </member>
        <member name="M:System.ComponentModel.DataAnnotations.IValidatableObject.Validate(System.ComponentModel.DataAnnotations.ValidationContext)">
            <param name="validationContext">To be added.</param>
            <summary>To be added.</summary>
            <returns>To be added.</returns>
            <remarks>To be added.</remarks>
        </member>
        <member name="T:System.ComponentModel.DataAnnotations.KeyAttribute">
            <summary>To be added.</summary>
            <remarks>To be added.</remarks>
        </member>
        <member name="C:System.ComponentModel.DataAnnotations.KeyAttribute">
            <summary>To be added.</summary>
            <remarks>To be added.</remarks>
        </member>
        <member name="T:System.ComponentModel.DataAnnotations.MaxLengthAttribute">
            <summary>To be added.</summary>
            <remarks>To be added.</remarks>
        </member>
        <member name="C:System.ComponentModel.DataAnnotations.MaxLengthAttribute">
            <summary>To be added.</summary>
            <remarks>To be added.</remarks>
        </member>
        <member name="C:System.ComponentModel.DataAnnotations.MaxLengthAttribute(System.Int32)">
            <param name="length">To be added.</param>
            <summary>To be added.</summary>
            <remarks>To be added.</remarks>
        </member>
        <member name="M:System.ComponentModel.DataAnnotations.MaxLengthAttribute.FormatErrorMessage(System.String)">
            <param name="name">To be added.</param>
            <summary>To be added.</summary>
            <returns>To be added.</returns>
            <remarks>To be added.</remarks>
        </member>
        <member name="M:System.ComponentModel.DataAnnotations.MaxLengthAttribute.IsValid(System.Object)">
            <param name="value">To be added.</param>
            <summary>To be added.</summary>
            <returns>To be added.</returns>
            <remarks>To be added.</remarks>
        </member>
        <member name="P:System.ComponentModel.DataAnnotations.MaxLengthAttribute.Length">
            <summary>To be added.</summary>
            <value>To be added.</value>
            <remarks>To be added.</remarks>
        </member>
        <member name="T:System.ComponentModel.DataAnnotations.MetadataTypeAttribute">
            <summary>To be added.</summary>
            <remarks>To be added.</remarks>
        </member>
        <member name="C:System.ComponentModel.DataAnnotations.MetadataTypeAttribute(System.Type)">
            <param name="metadataClassType">To be added.</param>
            <summary>To be added.</summary>
            <remarks>To be added.</remarks>
        </member>
        <member name="P:System.ComponentModel.DataAnnotations.MetadataTypeAttribute.MetadataClassType">
            <summary>To be added.</summary>
            <value>To be added.</value>
            <remarks>To be added.</remarks>
        </member>
        <member name="T:System.ComponentModel.DataAnnotations.MinLengthAttribute">
            <summary>To be added.</summary>
            <remarks>To be added.</remarks>
        </member>
        <member name="C:System.ComponentModel.DataAnnotations.MinLengthAttribute(System.Int32)">
            <param name="length">To be added.</param>
            <summary>To be added.</summary>
            <remarks>To be added.</remarks>
        </member>
        <member name="M:System.ComponentModel.DataAnnotations.MinLengthAttribute.FormatErrorMessage(System.String)">
            <param name="name">To be added.</param>
            <summary>To be added.</summary>
            <returns>To be added.</returns>
            <remarks>To be added.</remarks>
        </member>
        <member name="M:System.ComponentModel.DataAnnotations.MinLengthAttribute.IsValid(System.Object)">
            <param name="value">To be added.</param>
            <summary>To be added.</summary>
            <returns>To be added.</returns>
            <remarks>To be added.</remarks>
        </member>
        <member name="P:System.ComponentModel.DataAnnotations.MinLengthAttribute.Length">
            <summary>To be added.</summary>
            <value>To be added.</value>
            <remarks>To be added.</remarks>
        </member>
        <member name="T:System.ComponentModel.DataAnnotations.PhoneAttribute">
            <summary>To be added.</summary>
            <remarks>To be added.</remarks>
        </member>
        <member name="C:System.ComponentModel.DataAnnotations.PhoneAttribute">
            <summary>To be added.</summary>
            <remarks>To be added.</remarks>
        </member>
        <member name="M:System.ComponentModel.DataAnnotations.PhoneAttribute.IsValid(System.Object)">
            <param name="value">To be added.</param>
            <summary>To be added.</summary>
            <returns>To be added.</returns>
            <remarks>To be added.</remarks>
        </member>
        <member name="T:System.ComponentModel.DataAnnotations.RangeAttribute">
            <summary>To be added.</summary>
            <remarks>To be added.</remarks>
        </member>
        <member name="C:System.ComponentModel.DataAnnotations.RangeAttribute(System.Double,System.Double)">
            <param name="minimum">To be added.</param>
            <param name="maximum">To be added.</param>
            <summary>To be added.</summary>
            <remarks>To be added.</remarks>
        </member>
        <member name="C:System.ComponentModel.DataAnnotations.RangeAttribute(System.Int32,System.Int32)">
            <param name="minimum">To be added.</param>
            <param name="maximum">To be added.</param>
            <summary>To be added.</summary>
            <remarks>To be added.</remarks>
        </member>
        <member name="C:System.ComponentModel.DataAnnotations.RangeAttribute(System.Type,System.String,System.String)">
            <param name="type">To be added.</param>
            <param name="minimum">To be added.</param>
            <param name="maximum">To be added.</param>
            <summary>To be added.</summary>
            <remarks>To be added.</remarks>
        </member>
        <member name="M:System.ComponentModel.DataAnnotations.RangeAttribute.FormatErrorMessage(System.String)">
            <param name="name">To be added.</param>
            <summary>To be added.</summary>
            <returns>To be added.</returns>
            <remarks>To be added.</remarks>
        </member>
        <member name="M:System.ComponentModel.DataAnnotations.RangeAttribute.IsValid(System.Object)">
            <param name="value">To be added.</param>
            <summary>To be added.</summary>
            <returns>To be added.</returns>
            <remarks>To be added.</remarks>
        </member>
        <member name="P:System.ComponentModel.DataAnnotations.RangeAttribute.Maximum">
            <summary>To be added.</summary>
            <value>To be added.</value>
            <remarks>To be added.</remarks>
        </member>
        <member name="P:System.ComponentModel.DataAnnotations.RangeAttribute.Minimum">
            <summary>To be added.</summary>
            <value>To be added.</value>
            <remarks>To be added.</remarks>
        </member>
        <member name="P:System.ComponentModel.DataAnnotations.RangeAttribute.OperandType">
            <summary>To be added.</summary>
            <value>To be added.</value>
            <remarks>To be added.</remarks>
        </member>
        <member name="T:System.ComponentModel.DataAnnotations.RegularExpressionAttribute">
            <summary>To be added.</summary>
            <remarks>To be added.</remarks>
        </member>
        <member name="C:System.ComponentModel.DataAnnotations.RegularExpressionAttribute(System.String)">
            <param name="pattern">To be added.</param>
            <summary>To be added.</summary>
            <remarks>To be added.</remarks>
        </member>
        <member name="M:System.ComponentModel.DataAnnotations.RegularExpressionAttribute.FormatErrorMessage(System.String)">
            <param name="name">To be added.</param>
            <summary>To be added.</summary>
            <returns>To be added.</returns>
            <remarks>To be added.</remarks>
        </member>
        <member name="M:System.ComponentModel.DataAnnotations.RegularExpressionAttribute.IsValid(System.Object)">
            <param name="value">To be added.</param>
            <summary>To be added.</summary>
            <returns>To be added.</returns>
            <remarks>To be added.</remarks>
        </member>
        <member name="P:System.ComponentModel.DataAnnotations.RegularExpressionAttribute.MatchTimeoutInMilliseconds">
            <summary>To be added.</summary>
            <value>To be added.</value>
            <remarks>To be added.</remarks>
        </member>
        <member name="P:System.ComponentModel.DataAnnotations.RegularExpressionAttribute.Pattern">
            <summary>To be added.</summary>
            <value>To be added.</value>
            <remarks>To be added.</remarks>
        </member>
        <member name="T:System.ComponentModel.DataAnnotations.RequiredAttribute">
            <summary>To be added.</summary>
            <remarks>To be added.</remarks>
        </member>
        <member name="C:System.ComponentModel.DataAnnotations.RequiredAttribute">
            <summary>To be added.</summary>
            <remarks>To be added.</remarks>
        </member>
        <member name="P:System.ComponentModel.DataAnnotations.RequiredAttribute.AllowEmptyStrings">
            <summary>To be added.</summary>
            <value>To be added.</value>
            <remarks>To be added.</remarks>
        </member>
        <member name="M:System.ComponentModel.DataAnnotations.RequiredAttribute.IsValid(System.Object)">
            <param name="value">To be added.</param>
            <summary>To be added.</summary>
            <returns>To be added.</returns>
            <remarks>To be added.</remarks>
        </member>
        <member name="T:System.ComponentModel.DataAnnotations.ScaffoldColumnAttribute">
            <summary>To be added.</summary>
            <remarks>To be added.</remarks>
        </member>
        <member name="C:System.ComponentModel.DataAnnotations.ScaffoldColumnAttribute(System.Boolean)">
            <param name="scaffold">To be added.</param>
            <summary>To be added.</summary>
            <remarks>To be added.</remarks>
        </member>
        <member name="P:System.ComponentModel.DataAnnotations.ScaffoldColumnAttribute.Scaffold">
            <summary>To be added.</summary>
            <value>To be added.</value>
            <remarks>To be added.</remarks>
        </member>
        <member name="T:System.ComponentModel.DataAnnotations.ScaffoldTableAttribute">
            <summary>To be added.</summary>
            <remarks>To be added.</remarks>
        </member>
        <member name="C:System.ComponentModel.DataAnnotations.ScaffoldTableAttribute(System.Boolean)">
            <param name="scaffold">To be added.</param>
            <summary>To be added.</summary>
            <remarks>To be added.</remarks>
        </member>
        <member name="P:System.ComponentModel.DataAnnotations.ScaffoldTableAttribute.Scaffold">
            <summary>To be added.</summary>
            <value>To be added.</value>
            <remarks>To be added.</remarks>
        </member>
        <member name="T:System.ComponentModel.DataAnnotations.StringLengthAttribute">
            <summary>To be added.</summary>
            <remarks>To be added.</remarks>
        </member>
        <member name="C:System.ComponentModel.DataAnnotations.StringLengthAttribute(System.Int32)">
            <param name="maximumLength">To be added.</param>
            <summary>To be added.</summary>
            <remarks>To be added.</remarks>
        </member>
        <member name="M:System.ComponentModel.DataAnnotations.StringLengthAttribute.FormatErrorMessage(System.String)">
            <param name="name">To be added.</param>
            <summary>To be added.</summary>
            <returns>To be added.</returns>
            <remarks>To be added.</remarks>
        </member>
        <member name="M:System.ComponentModel.DataAnnotations.StringLengthAttribute.IsValid(System.Object)">
            <param name="value">To be added.</param>
            <summary>To be added.</summary>
            <returns>To be added.</returns>
            <remarks>To be added.</remarks>
        </member>
        <member name="P:System.ComponentModel.DataAnnotations.StringLengthAttribute.MaximumLength">
            <summary>To be added.</summary>
            <value>To be added.</value>
            <remarks>To be added.</remarks>
        </member>
        <member name="P:System.ComponentModel.DataAnnotations.StringLengthAttribute.MinimumLength">
            <summary>To be added.</summary>
            <value>To be added.</value>
            <remarks>To be added.</remarks>
        </member>
        <member name="T:System.ComponentModel.DataAnnotations.TimestampAttribute">
            <summary>To be added.</summary>
            <remarks>To be added.</remarks>
        </member>
        <member name="C:System.ComponentModel.DataAnnotations.TimestampAttribute">
            <summary>To be added.</summary>
            <remarks>To be added.</remarks>
        </member>
        <member name="T:System.ComponentModel.DataAnnotations.UIHintAttribute">
            <summary>To be added.</summary>
            <remarks>To be added.</remarks>
        </member>
        <member name="C:System.ComponentModel.DataAnnotations.UIHintAttribute(System.String)">
            <param name="uiHint">To be added.</param>
            <summary>To be added.</summary>
            <remarks>To be added.</remarks>
        </member>
        <member name="C:System.ComponentModel.DataAnnotations.UIHintAttribute(System.String,System.String)">
            <param name="uiHint">To be added.</param>
            <param name="presentationLayer">To be added.</param>
            <summary>To be added.</summary>
            <remarks>To be added.</remarks>
        </member>
        <member name="C:System.ComponentModel.DataAnnotations.UIHintAttribute(System.String,System.String,System.Object[])">
            <param name="uiHint">To be added.</param>
            <param name="presentationLayer">To be added.</param>
            <param name="controlParameters">To be added.</param>
            <summary>To be added.</summary>
            <remarks>To be added.</remarks>
        </member>
        <member name="P:System.ComponentModel.DataAnnotations.UIHintAttribute.ControlParameters">
            <summary>To be added.</summary>
            <value>To be added.</value>
            <remarks>To be added.</remarks>
        </member>
        <member name="M:System.ComponentModel.DataAnnotations.UIHintAttribute.Equals(System.Object)">
            <param name="obj">To be added.</param>
            <summary>To be added.</summary>
            <returns>To be added.</returns>
            <remarks>To be added.</remarks>
        </member>
        <member name="M:System.ComponentModel.DataAnnotations.UIHintAttribute.GetHashCode">
            <summary>To be added.</summary>
            <returns>To be added.</returns>
            <remarks>To be added.</remarks>
        </member>
        <member name="P:System.ComponentModel.DataAnnotations.UIHintAttribute.PresentationLayer">
            <summary>To be added.</summary>
            <value>To be added.</value>
            <remarks>To be added.</remarks>
        </member>
        <member name="P:System.ComponentModel.DataAnnotations.UIHintAttribute.TypeId">
            <summary>To be added.</summary>
            <value>To be added.</value>
            <remarks>To be added.</remarks>
        </member>
        <member name="P:System.ComponentModel.DataAnnotations.UIHintAttribute.UIHint">
            <summary>To be added.</summary>
            <value>To be added.</value>
            <remarks>To be added.</remarks>
        </member>
        <member name="T:System.ComponentModel.DataAnnotations.UrlAttribute">
            <summary>To be added.</summary>
            <remarks>To be added.</remarks>
        </member>
        <member name="C:System.ComponentModel.DataAnnotations.UrlAttribute">
            <summary>To be added.</summary>
            <remarks>To be added.</remarks>
        </member>
        <member name="M:System.ComponentModel.DataAnnotations.UrlAttribute.IsValid(System.Object)">
            <param name="value">To be added.</param>
            <summary>To be added.</summary>
            <returns>To be added.</returns>
            <remarks>To be added.</remarks>
        </member>
        <member name="T:System.ComponentModel.DataAnnotations.ValidationAttribute">
            <summary>To be added.</summary>
            <remarks>To be added.</remarks>
        </member>
        <member name="C:System.ComponentModel.DataAnnotations.ValidationAttribute">
            <summary>To be added.</summary>
            <remarks>To be added.</remarks>
        </member>
        <member name="C:System.ComponentModel.DataAnnotations.ValidationAttribute(System.Func{System.String})">
            <param name="errorMessageAccessor">To be added.</param>
            <summary>To be added.</summary>
            <remarks>To be added.</remarks>
        </member>
        <member name="C:System.ComponentModel.DataAnnotations.ValidationAttribute(System.String)">
            <param name="errorMessage">To be added.</param>
            <summary>To be added.</summary>
            <remarks>To be added.</remarks>
        </member>
        <member name="P:System.ComponentModel.DataAnnotations.ValidationAttribute.ErrorMessage">
            <summary>To be added.</summary>
            <value>To be added.</value>
            <remarks>To be added.</remarks>
        </member>
        <member name="P:System.ComponentModel.DataAnnotations.ValidationAttribute.ErrorMessageResourceName">
            <summary>To be added.</summary>
            <value>To be added.</value>
            <remarks>To be added.</remarks>
        </member>
        <member name="P:System.ComponentModel.DataAnnotations.ValidationAttribute.ErrorMessageResourceType">
            <summary>To be added.</summary>
            <value>To be added.</value>
            <remarks>To be added.</remarks>
        </member>
        <member name="P:System.ComponentModel.DataAnnotations.ValidationAttribute.ErrorMessageString">
            <summary>To be added.</summary>
            <value>To be added.</value>
            <remarks>To be added.</remarks>
        </member>
        <member name="M:System.ComponentModel.DataAnnotations.ValidationAttribute.FormatErrorMessage(System.String)">
            <param name="name">To be added.</param>
            <summary>To be added.</summary>
            <returns>To be added.</returns>
            <remarks>To be added.</remarks>
        </member>
        <member name="M:System.ComponentModel.DataAnnotations.ValidationAttribute.GetValidationResult(System.Object,System.ComponentModel.DataAnnotations.ValidationContext)">
            <param name="value">To be added.</param>
            <param name="validationContext">To be added.</param>
            <summary>To be added.</summary>
            <returns>To be added.</returns>
            <remarks>To be added.</remarks>
        </member>
        <member name="M:System.ComponentModel.DataAnnotations.ValidationAttribute.IsValid(System.Object)">
            <param name="value">To be added.</param>
            <summary>To be added.</summary>
            <returns>To be added.</returns>
            <remarks>To be added.</remarks>
        </member>
        <member name="M:System.ComponentModel.DataAnnotations.ValidationAttribute.IsValid(System.Object,System.ComponentModel.DataAnnotations.ValidationContext)">
            <param name="value">To be added.</param>
            <param name="validationContext">To be added.</param>
            <summary>To be added.</summary>
            <returns>To be added.</returns>
            <remarks>To be added.</remarks>
        </member>
        <member name="P:System.ComponentModel.DataAnnotations.ValidationAttribute.RequiresValidationContext">
            <summary>To be added.</summary>
            <value>To be added.</value>
            <remarks>To be added.</remarks>
        </member>
        <member name="M:System.ComponentModel.DataAnnotations.ValidationAttribute.Validate(System.Object,System.ComponentModel.DataAnnotations.ValidationContext)">
            <param name="value">To be added.</param>
            <param name="validationContext">To be added.</param>
            <summary>To be added.</summary>
            <remarks>To be added.</remarks>
        </member>
        <member name="M:System.ComponentModel.DataAnnotations.ValidationAttribute.Validate(System.Object,System.String)">
            <param name="value">To be added.</param>
            <param name="name">To be added.</param>
            <summary>To be added.</summary>
            <remarks>To be added.</remarks>
        </member>
        <member name="T:System.ComponentModel.DataAnnotations.ValidationContext">
            <summary>To be added.</summary>
            <remarks>To be added.</remarks>
        </member>
        <member name="C:System.ComponentModel.DataAnnotations.ValidationContext(System.Object)">
            <param name="instance">To be added.</param>
            <summary>To be added.</summary>
            <remarks>To be added.</remarks>
        </member>
        <member name="C:System.ComponentModel.DataAnnotations.ValidationContext(System.Object,System.Collections.Generic.IDictionary{System.Object,System.Object})">
            <param name="instance">To be added.</param>
            <param name="items">To be added.</param>
            <summary>To be added.</summary>
            <remarks>To be added.</remarks>
        </member>
        <member name="C:System.ComponentModel.DataAnnotations.ValidationContext(System.Object,System.IServiceProvider,System.Collections.Generic.IDictionary{System.Object,System.Object})">
            <param name="instance">To be added.</param>
            <param name="serviceProvider">To be added.</param>
            <param name="items">To be added.</param>
            <summary>To be added.</summary>
            <remarks>To be added.</remarks>
        </member>
        <member name="P:System.ComponentModel.DataAnnotations.ValidationContext.DisplayName">
            <summary>To be added.</summary>
            <value>To be added.</value>
            <remarks>To be added.</remarks>
        </member>
        <member name="M:System.ComponentModel.DataAnnotations.ValidationContext.GetService(System.Type)">
            <param name="serviceType">To be added.</param>
            <summary>To be added.</summary>
            <returns>To be added.</returns>
            <remarks>To be added.</remarks>
        </member>
        <member name="M:System.ComponentModel.DataAnnotations.ValidationContext.InitializeServiceProvider(System.Func{System.Type,System.Object})">
            <param name="serviceProvider">To be added.</param>
            <summary>To be added.</summary>
            <remarks>To be added.</remarks>
        </member>
        <member name="P:System.ComponentModel.DataAnnotations.ValidationContext.Items">
            <summary>To be added.</summary>
            <value>To be added.</value>
            <remarks>To be added.</remarks>
        </member>
        <member name="P:System.ComponentModel.DataAnnotations.ValidationContext.MemberName">
            <summary>To be added.</summary>
            <value>To be added.</value>
            <remarks>To be added.</remarks>
        </member>
        <member name="P:System.ComponentModel.DataAnnotations.ValidationContext.ObjectInstance">
            <summary>To be added.</summary>
            <value>To be added.</value>
            <remarks>To be added.</remarks>
        </member>
        <member name="P:System.ComponentModel.DataAnnotations.ValidationContext.ObjectType">
            <summary>To be added.</summary>
            <value>To be added.</value>
            <remarks>To be added.</remarks>
        </member>
        <member name="P:System.ComponentModel.DataAnnotations.ValidationContext.ServiceContainer">
            <summary>To be added.</summary>
            <value>To be added.</value>
            <remarks>To be added.</remarks>
        </member>
        <member name="T:System.ComponentModel.DataAnnotations.ValidationException">
            <summary>To be added.</summary>
            <remarks>To be added.</remarks>
        </member>
        <member name="C:System.ComponentModel.DataAnnotations.ValidationException">
            <summary>To be added.</summary>
            <remarks>To be added.</remarks>
        </member>
        <member name="C:System.ComponentModel.DataAnnotations.ValidationException(System.String)">
            <param name="message">To be added.</param>
            <summary>To be added.</summary>
            <remarks>To be added.</remarks>
        </member>
        <member name="C:System.ComponentModel.DataAnnotations.ValidationException(System.Runtime.Serialization.SerializationInfo,System.Runtime.Serialization.StreamingContext)">
            <param name="info">To be added.</param>
            <param name="context">To be added.</param>
            <summary>To be added.</summary>
            <remarks>To be added.</remarks>
        </member>
        <member name="C:System.ComponentModel.DataAnnotations.ValidationException(System.String,System.Exception)">
            <param name="message">To be added.</param>
            <param name="innerException">To be added.</param>
            <summary>To be added.</summary>
            <remarks>To be added.</remarks>
        </member>
        <member name="C:System.ComponentModel.DataAnnotations.ValidationException(System.ComponentModel.DataAnnotations.ValidationResult,System.ComponentModel.DataAnnotations.ValidationAttribute,System.Object)">
            <param name="validationResult">To be added.</param>
            <param name="validatingAttribute">To be added.</param>
            <param name="value">To be added.</param>
            <summary>To be added.</summary>
            <remarks>To be added.</remarks>
        </member>
        <member name="C:System.ComponentModel.DataAnnotations.ValidationException(System.String,System.ComponentModel.DataAnnotations.ValidationAttribute,System.Object)">
            <param name="errorMessage">To be added.</param>
            <param name="validatingAttribute">To be added.</param>
            <param name="value">To be added.</param>
            <summary>To be added.</summary>
            <remarks>To be added.</remarks>
        </member>
        <member name="P:System.ComponentModel.DataAnnotations.ValidationException.ValidationAttribute">
            <summary>To be added.</summary>
            <value>To be added.</value>
            <remarks>To be added.</remarks>
        </member>
        <member name="P:System.ComponentModel.DataAnnotations.ValidationException.ValidationResult">
            <summary>To be added.</summary>
            <value>To be added.</value>
            <remarks>To be added.</remarks>
        </member>
        <member name="P:System.ComponentModel.DataAnnotations.ValidationException.Value">
            <summary>To be added.</summary>
            <value>To be added.</value>
            <remarks>To be added.</remarks>
        </member>
        <member name="T:System.ComponentModel.DataAnnotations.ValidationResult">
            <summary>To be added.</summary>
            <remarks>To be added.</remarks>
        </member>
        <member name="C:System.ComponentModel.DataAnnotations.ValidationResult(System.ComponentModel.DataAnnotations.ValidationResult)">
            <param name="validationResult">To be added.</param>
            <summary>To be added.</summary>
            <remarks>To be added.</remarks>
        </member>
        <member name="C:System.ComponentModel.DataAnnotations.ValidationResult(System.String)">
            <param name="errorMessage">To be added.</param>
            <summary>To be added.</summary>
            <remarks>To be added.</remarks>
        </member>
        <member name="C:System.ComponentModel.DataAnnotations.ValidationResult(System.String,System.Collections.Generic.IEnumerable{System.String})">
            <param name="errorMessage">To be added.</param>
            <param name="memberNames">To be added.</param>
            <summary>To be added.</summary>
            <remarks>To be added.</remarks>
        </member>
        <member name="P:System.ComponentModel.DataAnnotations.ValidationResult.ErrorMessage">
            <summary>To be added.</summary>
            <value>To be added.</value>
            <remarks>To be added.</remarks>
        </member>
        <member name="P:System.ComponentModel.DataAnnotations.ValidationResult.MemberNames">
            <summary>To be added.</summary>
            <value>To be added.</value>
            <remarks>To be added.</remarks>
        </member>
        <member name="F:System.ComponentModel.DataAnnotations.ValidationResult.Success">
            <summary>To be added.</summary>
            <remarks>To be added.</remarks>
        </member>
        <member name="M:System.ComponentModel.DataAnnotations.ValidationResult.ToString">
            <summary>To be added.</summary>
            <returns>To be added.</returns>
            <remarks>To be added.</remarks>
        </member>
        <member name="T:System.ComponentModel.DataAnnotations.Validator">
            <summary>To be added.</summary>
            <remarks>To be added.</remarks>
        </member>
        <member name="M:System.ComponentModel.DataAnnotations.Validator.TryValidateObject(System.Object,System.ComponentModel.DataAnnotations.ValidationContext,System.Collections.Generic.ICollection{System.ComponentModel.DataAnnotations.ValidationResult})">
            <param name="instance">To be added.</param>
            <param name="validationContext">To be added.</param>
            <param name="validationResults">To be added.</param>
            <summary>To be added.</summary>
            <returns>To be added.</returns>
            <remarks>To be added.</remarks>
        </member>
        <member name="M:System.ComponentModel.DataAnnotations.Validator.TryValidateObject(System.Object,System.ComponentModel.DataAnnotations.ValidationContext,System.Collections.Generic.ICollection{System.ComponentModel.DataAnnotations.ValidationResult},System.Boolean)">
            <param name="instance">To be added.</param>
            <param name="validationContext">To be added.</param>
            <param name="validationResults">To be added.</param>
            <param name="validateAllProperties">To be added.</param>
            <summary>To be added.</summary>
            <returns>To be added.</returns>
            <remarks>To be added.</remarks>
        </member>
        <member name="M:System.ComponentModel.DataAnnotations.Validator.TryValidateProperty(System.Object,System.ComponentModel.DataAnnotations.ValidationContext,System.Collections.Generic.ICollection{System.ComponentModel.DataAnnotations.ValidationResult})">
            <param name="value">To be added.</param>
            <param name="validationContext">To be added.</param>
            <param name="validationResults">To be added.</param>
            <summary>To be added.</summary>
            <returns>To be added.</returns>
            <remarks>To be added.</remarks>
        </member>
        <member name="M:System.ComponentModel.DataAnnotations.Validator.TryValidateValue(System.Object,System.ComponentModel.DataAnnotations.ValidationContext,System.Collections.Generic.ICollection{System.ComponentModel.DataAnnotations.ValidationResult},System.Collections.Generic.IEnumerable{System.ComponentModel.DataAnnotations.ValidationAttribute})">
            <param name="value">To be added.</param>
            <param name="validationContext">To be added.</param>
            <param name="validationResults">To be added.</param>
            <param name="validationAttributes">To be added.</param>
            <summary>To be added.</summary>
            <returns>To be added.</returns>
            <remarks>To be added.</remarks>
        </member>
        <member name="M:System.ComponentModel.DataAnnotations.Validator.ValidateObject(System.Object,System.ComponentModel.DataAnnotations.ValidationContext)">
            <param name="instance">To be added.</param>
            <param name="validationContext">To be added.</param>
            <summary>To be added.</summary>
            <remarks>To be added.</remarks>
        </member>
        <member name="M:System.ComponentModel.DataAnnotations.Validator.ValidateObject(System.Object,System.ComponentModel.DataAnnotations.ValidationContext,System.Boolean)">
            <param name="instance">To be added.</param>
            <param name="validationContext">To be added.</param>
            <param name="validateAllProperties">To be added.</param>
            <summary>To be added.</summary>
            <remarks>To be added.</remarks>
        </member>
        <member name="M:System.ComponentModel.DataAnnotations.Validator.ValidateProperty(System.Object,System.ComponentModel.DataAnnotations.ValidationContext)">
            <param name="value">To be added.</param>
            <param name="validationContext">To be added.</param>
            <summary>To be added.</summary>
            <remarks>To be added.</remarks>
        </member>
        <member name="M:System.ComponentModel.DataAnnotations.Validator.ValidateValue(System.Object,System.ComponentModel.DataAnnotations.ValidationContext,System.Collections.Generic.IEnumerable{System.ComponentModel.DataAnnotations.ValidationAttribute})">
            <param name="value">To be added.</param>
            <param name="validationContext">To be added.</param>
            <param name="validationAttributes">To be added.</param>
            <summary>To be added.</summary>
            <remarks>To be added.</remarks>
        </member>
        <member name="T:System.ComponentModel.DataAnnotations.Schema.ColumnAttribute">
            <summary>To be added.</summary>
            <remarks>To be added.</remarks>
        </member>
        <member name="C:System.ComponentModel.DataAnnotations.Schema.ColumnAttribute">
            <summary>To be added.</summary>
            <remarks>To be added.</remarks>
        </member>
        <member name="C:System.ComponentModel.DataAnnotations.Schema.ColumnAttribute(System.String)">
            <param name="name">To be added.</param>
            <summary>To be added.</summary>
            <remarks>To be added.</remarks>
        </member>
        <member name="P:System.ComponentModel.DataAnnotations.Schema.ColumnAttribute.Name">
            <summary>To be added.</summary>
            <value>To be added.</value>
            <remarks>To be added.</remarks>
        </member>
        <member name="P:System.ComponentModel.DataAnnotations.Schema.ColumnAttribute.Order">
            <summary>To be added.</summary>
            <value>To be added.</value>
            <remarks>To be added.</remarks>
        </member>
        <member name="P:System.ComponentModel.DataAnnotations.Schema.ColumnAttribute.TypeName">
            <summary>To be added.</summary>
            <value>To be added.</value>
            <remarks>To be added.</remarks>
        </member>
        <member name="T:System.ComponentModel.DataAnnotations.Schema.ComplexTypeAttribute">
            <summary>To be added.</summary>
            <remarks>To be added.</remarks>
        </member>
        <member name="C:System.ComponentModel.DataAnnotations.Schema.ComplexTypeAttribute">
            <summary>To be added.</summary>
            <remarks>To be added.</remarks>
        </member>
        <member name="T:System.ComponentModel.DataAnnotations.Schema.DatabaseGeneratedAttribute">
            <summary>To be added.</summary>
            <remarks>To be added.</remarks>
        </member>
        <member name="C:System.ComponentModel.DataAnnotations.Schema.DatabaseGeneratedAttribute(System.ComponentModel.DataAnnotations.Schema.DatabaseGeneratedOption)">
            <param name="databaseGeneratedOption">To be added.</param>
            <summary>To be added.</summary>
            <remarks>To be added.</remarks>
        </member>
        <member name="P:System.ComponentModel.DataAnnotations.Schema.DatabaseGeneratedAttribute.DatabaseGeneratedOption">
            <summary>To be added.</summary>
            <value>To be added.</value>
            <remarks>To be added.</remarks>
        </member>
        <member name="T:System.ComponentModel.DataAnnotations.Schema.DatabaseGeneratedOption">
            <summary>To be added.</summary>
            <remarks>To be added.</remarks>
        </member>
        <member name="F:System.ComponentModel.DataAnnotations.Schema.DatabaseGeneratedOption.Computed">
            <summary>To be added.</summary>
        </member>
        <member name="F:System.ComponentModel.DataAnnotations.Schema.DatabaseGeneratedOption.Identity">
            <summary>To be added.</summary>
        </member>
        <member name="F:System.ComponentModel.DataAnnotations.Schema.DatabaseGeneratedOption.None">
            <summary>To be added.</summary>
        </member>
        <member name="T:System.ComponentModel.DataAnnotations.Schema.ForeignKeyAttribute">
            <summary>To be added.</summary>
            <remarks>To be added.</remarks>
        </member>
        <member name="C:System.ComponentModel.DataAnnotations.Schema.ForeignKeyAttribute(System.String)">
            <param name="name">To be added.</param>
            <summary>To be added.</summary>
            <remarks>To be added.</remarks>
        </member>
        <member name="P:System.ComponentModel.DataAnnotations.Schema.ForeignKeyAttribute.Name">
            <summary>To be added.</summary>
            <value>To be added.</value>
            <remarks>To be added.</remarks>
        </member>
        <member name="T:System.ComponentModel.DataAnnotations.Schema.InversePropertyAttribute">
            <summary>To be added.</summary>
            <remarks>To be added.</remarks>
        </member>
        <member name="C:System.ComponentModel.DataAnnotations.Schema.InversePropertyAttribute(System.String)">
            <param name="property">To be added.</param>
            <summary>To be added.</summary>
            <remarks>To be added.</remarks>
        </member>
        <member name="P:System.ComponentModel.DataAnnotations.Schema.InversePropertyAttribute.Property">
            <summary>To be added.</summary>
            <value>To be added.</value>
            <remarks>To be added.</remarks>
        </member>
        <member name="T:System.ComponentModel.DataAnnotations.Schema.NotMappedAttribute">
            <summary>To be added.</summary>
            <remarks>To be added.</remarks>
        </member>
        <member name="C:System.ComponentModel.DataAnnotations.Schema.NotMappedAttribute">
            <summary>To be added.</summary>
            <remarks>To be added.</remarks>
        </member>
        <member name="T:System.ComponentModel.DataAnnotations.Schema.TableAttribute">
            <summary>To be added.</summary>
            <remarks>To be added.</remarks>
        </member>
        <member name="C:System.ComponentModel.DataAnnotations.Schema.TableAttribute(System.String)">
            <param name="name">To be added.</param>
            <summary>To be added.</summary>
            <remarks>To be added.</remarks>
        </member>
        <member name="P:System.ComponentModel.DataAnnotations.Schema.TableAttribute.Name">
            <summary>To be added.</summary>
            <value>To be added.</value>
            <remarks>To be added.</remarks>
        </member>
        <member name="P:System.ComponentModel.DataAnnotations.Schema.TableAttribute.Schema">
            <summary>To be added.</summary>
            <value>To be added.</value>
            <remarks>To be added.</remarks>
        </member>
    </members>
</doc>
