<doc>
    <assembly>
        <name>System.Transactions</name>
    </assembly>
    <members>
        <member name="T:System.Transactions.CommittableTransaction">
            <summary>To be added.</summary>
            <remarks>To be added.</remarks>
        </member>
        <member name="C:System.Transactions.CommittableTransaction">
            <summary>To be added.</summary>
            <remarks>To be added.</remarks>
        </member>
        <member name="C:System.Transactions.CommittableTransaction(System.TimeSpan)">
            <param name="timeout">To be added.</param>
            <summary>To be added.</summary>
            <remarks>To be added.</remarks>
        </member>
        <member name="C:System.Transactions.CommittableTransaction(System.Transactions.TransactionOptions)">
            <param name="options">To be added.</param>
            <summary>To be added.</summary>
            <remarks>To be added.</remarks>
        </member>
        <member name="M:System.Transactions.CommittableTransaction.BeginCommit(System.AsyncCallback,System.Object)">
            <param name="asyncCallback">To be added.</param>
            <param name="asyncState">To be added.</param>
            <summary>To be added.</summary>
            <returns>To be added.</returns>
            <remarks>To be added.</remarks>
        </member>
        <member name="M:System.Transactions.CommittableTransaction.Commit">
            <summary>To be added.</summary>
            <remarks>To be added.</remarks>
        </member>
        <member name="M:System.Transactions.CommittableTransaction.EndCommit(System.IAsyncResult)">
            <param name="asyncResult">To be added.</param>
            <summary>To be added.</summary>
            <remarks>To be added.</remarks>
        </member>
        <member name="P:System.Transactions.CommittableTransaction.System#IAsyncResult#AsyncState">
            <summary>To be added.</summary>
            <value>To be added.</value>
            <remarks>To be added.</remarks>
        </member>
        <member name="P:System.Transactions.CommittableTransaction.System#IAsyncResult#AsyncWaitHandle">
            <summary>To be added.</summary>
            <value>To be added.</value>
            <remarks>To be added.</remarks>
        </member>
        <member name="P:System.Transactions.CommittableTransaction.System#IAsyncResult#CompletedSynchronously">
            <summary>To be added.</summary>
            <value>To be added.</value>
            <remarks>To be added.</remarks>
        </member>
        <member name="P:System.Transactions.CommittableTransaction.System#IAsyncResult#IsCompleted">
            <summary>To be added.</summary>
            <value>To be added.</value>
            <remarks>To be added.</remarks>
        </member>
        <member name="M:System.Transactions.CommittableTransaction.System#Runtime#Serialization#ISerializable#GetObjectData(System.Runtime.Serialization.SerializationInfo,System.Runtime.Serialization.StreamingContext)">
            <param name="info">To be added.</param>
            <param name="context">To be added.</param>
            <summary>To be added.</summary>
            <remarks>To be added.</remarks>
        </member>
        <member name="T:System.Transactions.DependentCloneOption">
            <summary>To be added.</summary>
            <remarks>To be added.</remarks>
        </member>
        <member name="F:System.Transactions.DependentCloneOption.BlockCommitUntilComplete">
            <summary>To be added.</summary>
        </member>
        <member name="F:System.Transactions.DependentCloneOption.RollbackIfNotComplete">
            <summary>To be added.</summary>
        </member>
        <member name="T:System.Transactions.DependentTransaction">
            <summary>To be added.</summary>
            <remarks>To be added.</remarks>
        </member>
        <member name="M:System.Transactions.DependentTransaction.Complete">
            <summary>To be added.</summary>
            <remarks>To be added.</remarks>
        </member>
        <member name="M:System.Transactions.DependentTransaction.System#Runtime#Serialization#ISerializable#GetObjectData(System.Runtime.Serialization.SerializationInfo,System.Runtime.Serialization.StreamingContext)">
            <param name="info">To be added.</param>
            <param name="context">To be added.</param>
            <summary>To be added.</summary>
            <remarks>To be added.</remarks>
        </member>
        <member name="T:System.Transactions.Enlistment">
            <summary>To be added.</summary>
            <remarks>To be added.</remarks>
        </member>
        <member name="M:System.Transactions.Enlistment.Done">
            <summary>To be added.</summary>
            <remarks>To be added.</remarks>
        </member>
        <member name="T:System.Transactions.EnlistmentOptions">
            <summary>To be added.</summary>
            <remarks>To be added.</remarks>
        </member>
        <member name="F:System.Transactions.EnlistmentOptions.EnlistDuringPrepareRequired">
            <summary>To be added.</summary>
        </member>
        <member name="F:System.Transactions.EnlistmentOptions.None">
            <summary>To be added.</summary>
        </member>
        <member name="T:System.Transactions.EnterpriseServicesInteropOption">
            <summary>To be added.</summary>
            <remarks>To be added.</remarks>
        </member>
        <member name="F:System.Transactions.EnterpriseServicesInteropOption.Automatic">
            <summary>To be added.</summary>
        </member>
        <member name="F:System.Transactions.EnterpriseServicesInteropOption.Full">
            <summary>To be added.</summary>
        </member>
        <member name="F:System.Transactions.EnterpriseServicesInteropOption.None">
            <summary>To be added.</summary>
        </member>
        <member name="T:System.Transactions.HostCurrentTransactionCallback">
            <summary>To be added.</summary>
            <returns>To be added.</returns>
            <remarks>To be added.</remarks>
        </member>
        <member name="T:System.Transactions.IDtcTransaction">
            <summary>To be added.</summary>
            <remarks>To be added.</remarks>
        </member>
        <member name="M:System.Transactions.IDtcTransaction.Abort(System.IntPtr,System.Int32,System.Int32)">
            <param name="reason">To be added.</param>
            <param name="retaining">To be added.</param>
            <param name="async">To be added.</param>
            <summary>To be added.</summary>
            <remarks>To be added.</remarks>
        </member>
        <member name="M:System.Transactions.IDtcTransaction.Commit(System.Int32,System.Int32,System.Int32)">
            <param name="retaining">To be added.</param>
            <param name="commitType">To be added.</param>
            <param name="reserved">To be added.</param>
            <summary>To be added.</summary>
            <remarks>To be added.</remarks>
        </member>
        <member name="M:System.Transactions.IDtcTransaction.GetTransactionInfo(System.IntPtr)">
            <param name="transactionInformation">To be added.</param>
            <summary>To be added.</summary>
            <remarks>To be added.</remarks>
        </member>
        <member name="T:System.Transactions.IEnlistmentNotification">
            <summary>To be added.</summary>
            <remarks>To be added.</remarks>
        </member>
        <member name="M:System.Transactions.IEnlistmentNotification.Commit(System.Transactions.Enlistment)">
            <param name="enlistment">To be added.</param>
            <summary>To be added.</summary>
            <remarks>To be added.</remarks>
        </member>
        <member name="M:System.Transactions.IEnlistmentNotification.InDoubt(System.Transactions.Enlistment)">
            <param name="enlistment">To be added.</param>
            <summary>To be added.</summary>
            <remarks>To be added.</remarks>
        </member>
        <member name="M:System.Transactions.IEnlistmentNotification.Prepare(System.Transactions.PreparingEnlistment)">
            <param name="preparingEnlistment">To be added.</param>
            <summary>To be added.</summary>
            <remarks>To be added.</remarks>
        </member>
        <member name="M:System.Transactions.IEnlistmentNotification.Rollback(System.Transactions.Enlistment)">
            <param name="enlistment">To be added.</param>
            <summary>To be added.</summary>
            <remarks>To be added.</remarks>
        </member>
        <member name="T:System.Transactions.IPromotableSinglePhaseNotification">
            <summary>To be added.</summary>
            <remarks>To be added.</remarks>
        </member>
        <member name="M:System.Transactions.IPromotableSinglePhaseNotification.Initialize">
            <summary>To be added.</summary>
            <remarks>To be added.</remarks>
        </member>
        <member name="M:System.Transactions.IPromotableSinglePhaseNotification.Rollback(System.Transactions.SinglePhaseEnlistment)">
            <param name="singlePhaseEnlistment">To be added.</param>
            <summary>To be added.</summary>
            <remarks>To be added.</remarks>
        </member>
        <member name="M:System.Transactions.IPromotableSinglePhaseNotification.SinglePhaseCommit(System.Transactions.SinglePhaseEnlistment)">
            <param name="singlePhaseEnlistment">To be added.</param>
            <summary>To be added.</summary>
            <remarks>To be added.</remarks>
        </member>
        <member name="T:System.Transactions.ISimpleTransactionSuperior">
            <summary>To be added.</summary>
            <remarks>To be added.</remarks>
        </member>
        <member name="M:System.Transactions.ISimpleTransactionSuperior.Rollback">
            <summary>To be added.</summary>
            <remarks>To be added.</remarks>
        </member>
        <member name="T:System.Transactions.ISinglePhaseNotification">
            <summary>To be added.</summary>
            <remarks>To be added.</remarks>
        </member>
        <member name="M:System.Transactions.ISinglePhaseNotification.SinglePhaseCommit(System.Transactions.SinglePhaseEnlistment)">
            <param name="singlePhaseEnlistment">To be added.</param>
            <summary>To be added.</summary>
            <remarks>To be added.</remarks>
        </member>
        <member name="T:System.Transactions.IsolationLevel">
            <summary>To be added.</summary>
            <remarks>To be added.</remarks>
        </member>
        <member name="F:System.Transactions.IsolationLevel.Chaos">
            <summary>To be added.</summary>
        </member>
        <member name="F:System.Transactions.IsolationLevel.ReadCommitted">
            <summary>To be added.</summary>
        </member>
        <member name="F:System.Transactions.IsolationLevel.ReadUncommitted">
            <summary>To be added.</summary>
        </member>
        <member name="F:System.Transactions.IsolationLevel.RepeatableRead">
            <summary>To be added.</summary>
        </member>
        <member name="F:System.Transactions.IsolationLevel.Serializable">
            <summary>To be added.</summary>
        </member>
        <member name="F:System.Transactions.IsolationLevel.Snapshot">
            <summary>To be added.</summary>
        </member>
        <member name="F:System.Transactions.IsolationLevel.Unspecified">
            <summary>To be added.</summary>
        </member>
        <member name="T:System.Transactions.ITransactionPromoter">
            <summary>To be added.</summary>
            <remarks>To be added.</remarks>
        </member>
        <member name="M:System.Transactions.ITransactionPromoter.Promote">
            <summary>To be added.</summary>
            <returns>To be added.</returns>
            <remarks>To be added.</remarks>
        </member>
        <member name="T:System.Transactions.PreparingEnlistment">
            <summary>To be added.</summary>
            <remarks>To be added.</remarks>
        </member>
        <member name="M:System.Transactions.PreparingEnlistment.ForceRollback">
            <summary>To be added.</summary>
            <remarks>To be added.</remarks>
        </member>
        <member name="M:System.Transactions.PreparingEnlistment.ForceRollback(System.Exception)">
            <param name="e">To be added.</param>
            <summary>To be added.</summary>
            <remarks>To be added.</remarks>
        </member>
        <member name="M:System.Transactions.PreparingEnlistment.Prepared">
            <summary>To be added.</summary>
            <remarks>To be added.</remarks>
        </member>
        <member name="M:System.Transactions.PreparingEnlistment.RecoveryInformation">
            <summary>To be added.</summary>
            <returns>To be added.</returns>
            <remarks>To be added.</remarks>
        </member>
        <member name="T:System.Transactions.SinglePhaseEnlistment">
            <summary>To be added.</summary>
            <remarks>To be added.</remarks>
        </member>
        <member name="M:System.Transactions.SinglePhaseEnlistment.Aborted">
            <summary>To be added.</summary>
            <remarks>To be added.</remarks>
        </member>
        <member name="M:System.Transactions.SinglePhaseEnlistment.Aborted(System.Exception)">
            <param name="e">To be added.</param>
            <summary>To be added.</summary>
            <remarks>To be added.</remarks>
        </member>
        <member name="M:System.Transactions.SinglePhaseEnlistment.Committed">
            <summary>To be added.</summary>
            <remarks>To be added.</remarks>
        </member>
        <member name="M:System.Transactions.SinglePhaseEnlistment.InDoubt">
            <summary>To be added.</summary>
            <remarks>To be added.</remarks>
        </member>
        <member name="M:System.Transactions.SinglePhaseEnlistment.InDoubt(System.Exception)">
            <param name="e">To be added.</param>
            <summary>To be added.</summary>
            <remarks>To be added.</remarks>
        </member>
        <member name="T:System.Transactions.SubordinateTransaction">
            <summary>To be added.</summary>
            <remarks>To be added.</remarks>
        </member>
        <member name="C:System.Transactions.SubordinateTransaction(System.Transactions.IsolationLevel,System.Transactions.ISimpleTransactionSuperior)">
            <param name="isoLevel">To be added.</param>
            <param name="superior">To be added.</param>
            <summary>To be added.</summary>
            <remarks>To be added.</remarks>
        </member>
        <member name="T:System.Transactions.Transaction">
            <summary>To be added.</summary>
            <remarks>To be added.</remarks>
        </member>
        <member name="M:System.Transactions.Transaction.BeginCommitInternal(System.AsyncCallback)">
            <param name="callback">To be added.</param>
            <summary>To be added.</summary>
            <returns>To be added.</returns>
            <remarks>To be added.</remarks>
        </member>
        <member name="M:System.Transactions.Transaction.Clone">
            <summary>To be added.</summary>
            <returns>To be added.</returns>
            <remarks>To be added.</remarks>
        </member>
        <member name="P:System.Transactions.Transaction.Current">
            <summary>To be added.</summary>
            <value>To be added.</value>
            <remarks>To be added.</remarks>
        </member>
        <member name="M:System.Transactions.Transaction.DependentClone(System.Transactions.DependentCloneOption)">
            <param name="cloneOption">To be added.</param>
            <summary>To be added.</summary>
            <returns>To be added.</returns>
            <remarks>To be added.</remarks>
        </member>
        <member name="M:System.Transactions.Transaction.Dispose">
            <summary>To be added.</summary>
            <remarks>To be added.</remarks>
        </member>
        <member name="M:System.Transactions.Transaction.EndCommitInternal(System.IAsyncResult)">
            <param name="ar">To be added.</param>
            <summary>To be added.</summary>
            <remarks>To be added.</remarks>
        </member>
        <member name="M:System.Transactions.Transaction.EnlistDurable(System.Guid,System.Transactions.IEnlistmentNotification,System.Transactions.EnlistmentOptions)">
            <param name="resourceManagerIdentifier">To be added.</param>
            <param name="enlistmentNotification">To be added.</param>
            <param name="enlistmentOptions">To be added.</param>
            <summary>To be added.</summary>
            <returns>To be added.</returns>
            <remarks>To be added.</remarks>
        </member>
        <member name="M:System.Transactions.Transaction.EnlistDurable(System.Guid,System.Transactions.ISinglePhaseNotification,System.Transactions.EnlistmentOptions)">
            <param name="resourceManagerIdentifier">To be added.</param>
            <param name="singlePhaseNotification">To be added.</param>
            <param name="enlistmentOptions">To be added.</param>
            <summary>To be added.</summary>
            <returns>To be added.</returns>
            <remarks>To be added.</remarks>
        </member>
        <member name="M:System.Transactions.Transaction.EnlistPromotableSinglePhase(System.Transactions.IPromotableSinglePhaseNotification)">
            <param name="promotableSinglePhaseNotification">To be added.</param>
            <summary>To be added.</summary>
            <returns>To be added.</returns>
            <remarks>To be added.</remarks>
        </member>
        <member name="M:System.Transactions.Transaction.EnlistPromotableSinglePhase(System.Transactions.IPromotableSinglePhaseNotification,System.Guid)">
            <param name="promotableSinglePhaseNotification">To be added.</param>
            <param name="promoterType">To be added.</param>
            <summary>To be added.</summary>
            <returns>To be added.</returns>
            <remarks>To be added.</remarks>
        </member>
        <member name="M:System.Transactions.Transaction.EnlistVolatile(System.Transactions.IEnlistmentNotification,System.Transactions.EnlistmentOptions)">
            <param name="enlistmentNotification">To be added.</param>
            <param name="enlistmentOptions">To be added.</param>
            <summary>To be added.</summary>
            <returns>To be added.</returns>
            <remarks>To be added.</remarks>
        </member>
        <member name="M:System.Transactions.Transaction.EnlistVolatile(System.Transactions.ISinglePhaseNotification,System.Transactions.EnlistmentOptions)">
            <param name="singlePhaseNotification">To be added.</param>
            <param name="enlistmentOptions">To be added.</param>
            <summary>To be added.</summary>
            <returns>To be added.</returns>
            <remarks>To be added.</remarks>
        </member>
        <member name="M:System.Transactions.Transaction.Equals(System.Object)">
            <param name="obj">To be added.</param>
            <summary>To be added.</summary>
            <returns>To be added.</returns>
            <remarks>To be added.</remarks>
        </member>
        <member name="M:System.Transactions.Transaction.GetHashCode">
            <summary>To be added.</summary>
            <returns>To be added.</returns>
            <remarks>To be added.</remarks>
        </member>
        <member name="M:System.Transactions.Transaction.GetPromotedToken">
            <summary>To be added.</summary>
            <returns>To be added.</returns>
            <remarks>To be added.</remarks>
        </member>
        <member name="P:System.Transactions.Transaction.IsolationLevel">
            <summary>To be added.</summary>
            <value>To be added.</value>
            <remarks>To be added.</remarks>
        </member>
        <member name="M:System.Transactions.Transaction.op_Equality(System.Transactions.Transaction,System.Transactions.Transaction)">
            <param name="x">To be added.</param>
            <param name="y">To be added.</param>
            <summary>To be added.</summary>
            <returns>To be added.</returns>
            <remarks>To be added.</remarks>
        </member>
        <member name="M:System.Transactions.Transaction.op_Inequality(System.Transactions.Transaction,System.Transactions.Transaction)">
            <param name="x">To be added.</param>
            <param name="y">To be added.</param>
            <summary>To be added.</summary>
            <returns>To be added.</returns>
            <remarks>To be added.</remarks>
        </member>
        <member name="M:System.Transactions.Transaction.PromoteAndEnlistDurable(System.Guid,System.Transactions.IPromotableSinglePhaseNotification,System.Transactions.ISinglePhaseNotification,System.Transactions.EnlistmentOptions)">
            <param name="manager">To be added.</param>
            <param name="promotableNotification">To be added.</param>
            <param name="notification">To be added.</param>
            <param name="options">To be added.</param>
            <summary>To be added.</summary>
            <returns>To be added.</returns>
            <remarks>To be added.</remarks>
        </member>
        <member name="P:System.Transactions.Transaction.PromoterType">
            <summary>To be added.</summary>
            <value>To be added.</value>
            <remarks>To be added.</remarks>
        </member>
        <member name="M:System.Transactions.Transaction.Rollback">
            <summary>To be added.</summary>
            <remarks>To be added.</remarks>
        </member>
        <member name="M:System.Transactions.Transaction.Rollback(System.Exception)">
            <param name="e">To be added.</param>
            <summary>To be added.</summary>
            <remarks>To be added.</remarks>
        </member>
        <member name="M:System.Transactions.Transaction.SetDistributedTransactionIdentifier(System.Transactions.IPromotableSinglePhaseNotification,System.Guid)">
            <param name="promotableNotification">To be added.</param>
            <param name="distributedTransactionIdentifier">To be added.</param>
            <summary>To be added.</summary>
            <remarks>To be added.</remarks>
        </member>
        <member name="M:System.Transactions.Transaction.System#Runtime#Serialization#ISerializable#GetObjectData(System.Runtime.Serialization.SerializationInfo,System.Runtime.Serialization.StreamingContext)">
            <param name="info">To be added.</param>
            <param name="context">To be added.</param>
            <summary>To be added.</summary>
            <remarks>To be added.</remarks>
        </member>
        <member name="E:System.Transactions.Transaction.TransactionCompleted">
            <summary>To be added.</summary>
            <remarks>To be added.</remarks>
        </member>
        <member name="P:System.Transactions.Transaction.TransactionInformation">
            <summary>To be added.</summary>
            <value>To be added.</value>
            <remarks>To be added.</remarks>
        </member>
        <member name="T:System.Transactions.TransactionAbortedException">
            <summary>To be added.</summary>
            <remarks>To be added.</remarks>
        </member>
        <member name="C:System.Transactions.TransactionAbortedException">
            <summary>To be added.</summary>
            <remarks>To be added.</remarks>
        </member>
        <member name="C:System.Transactions.TransactionAbortedException(System.String)">
            <param name="message">To be added.</param>
            <summary>To be added.</summary>
            <remarks>To be added.</remarks>
        </member>
        <member name="C:System.Transactions.TransactionAbortedException(System.Runtime.Serialization.SerializationInfo,System.Runtime.Serialization.StreamingContext)">
            <param name="info">To be added.</param>
            <param name="context">To be added.</param>
            <summary>To be added.</summary>
            <remarks>To be added.</remarks>
        </member>
        <member name="C:System.Transactions.TransactionAbortedException(System.String,System.Exception)">
            <param name="message">To be added.</param>
            <param name="innerException">To be added.</param>
            <summary>To be added.</summary>
            <remarks>To be added.</remarks>
        </member>
        <member name="T:System.Transactions.TransactionCompletedEventHandler">
            <param name="sender">To be added.</param>
            <param name="e">To be added.</param>
            <summary>To be added.</summary>
            <remarks>To be added.</remarks>
        </member>
        <member name="T:System.Transactions.TransactionEventArgs">
            <summary>To be added.</summary>
            <remarks>To be added.</remarks>
        </member>
        <member name="C:System.Transactions.TransactionEventArgs">
            <summary>To be added.</summary>
            <remarks>To be added.</remarks>
        </member>
        <member name="P:System.Transactions.TransactionEventArgs.Transaction">
            <summary>To be added.</summary>
            <value>To be added.</value>
            <remarks>To be added.</remarks>
        </member>
        <member name="T:System.Transactions.TransactionException">
            <summary>To be added.</summary>
            <remarks>To be added.</remarks>
        </member>
        <member name="C:System.Transactions.TransactionException">
            <summary>To be added.</summary>
            <remarks>To be added.</remarks>
        </member>
        <member name="C:System.Transactions.TransactionException(System.String)">
            <param name="message">To be added.</param>
            <summary>To be added.</summary>
            <remarks>To be added.</remarks>
        </member>
        <member name="C:System.Transactions.TransactionException(System.Runtime.Serialization.SerializationInfo,System.Runtime.Serialization.StreamingContext)">
            <param name="info">To be added.</param>
            <param name="context">To be added.</param>
            <summary>To be added.</summary>
            <remarks>To be added.</remarks>
        </member>
        <member name="C:System.Transactions.TransactionException(System.String,System.Exception)">
            <param name="message">To be added.</param>
            <param name="innerException">To be added.</param>
            <summary>To be added.</summary>
            <remarks>To be added.</remarks>
        </member>
        <member name="T:System.Transactions.TransactionInDoubtException">
            <summary>To be added.</summary>
            <remarks>To be added.</remarks>
        </member>
        <member name="C:System.Transactions.TransactionInDoubtException">
            <summary>To be added.</summary>
            <remarks>To be added.</remarks>
        </member>
        <member name="C:System.Transactions.TransactionInDoubtException(System.String)">
            <param name="message">To be added.</param>
            <summary>To be added.</summary>
            <remarks>To be added.</remarks>
        </member>
        <member name="C:System.Transactions.TransactionInDoubtException(System.Runtime.Serialization.SerializationInfo,System.Runtime.Serialization.StreamingContext)">
            <param name="info">To be added.</param>
            <param name="context">To be added.</param>
            <summary>To be added.</summary>
            <remarks>To be added.</remarks>
        </member>
        <member name="C:System.Transactions.TransactionInDoubtException(System.String,System.Exception)">
            <param name="message">To be added.</param>
            <param name="innerException">To be added.</param>
            <summary>To be added.</summary>
            <remarks>To be added.</remarks>
        </member>
        <member name="T:System.Transactions.TransactionInformation">
            <summary>To be added.</summary>
            <remarks>To be added.</remarks>
        </member>
        <member name="P:System.Transactions.TransactionInformation.CreationTime">
            <summary>To be added.</summary>
            <value>To be added.</value>
            <remarks>To be added.</remarks>
        </member>
        <member name="P:System.Transactions.TransactionInformation.DistributedIdentifier">
            <summary>To be added.</summary>
            <value>To be added.</value>
            <remarks>To be added.</remarks>
        </member>
        <member name="P:System.Transactions.TransactionInformation.LocalIdentifier">
            <summary>To be added.</summary>
            <value>To be added.</value>
            <remarks>To be added.</remarks>
        </member>
        <member name="P:System.Transactions.TransactionInformation.Status">
            <summary>To be added.</summary>
            <value>To be added.</value>
            <remarks>To be added.</remarks>
        </member>
        <member name="T:System.Transactions.TransactionInterop">
            <summary>To be added.</summary>
            <remarks>To be added.</remarks>
        </member>
        <member name="M:System.Transactions.TransactionInterop.GetDtcTransaction(System.Transactions.Transaction)">
            <param name="transaction">To be added.</param>
            <summary>To be added.</summary>
            <returns>To be added.</returns>
            <remarks>To be added.</remarks>
        </member>
        <member name="M:System.Transactions.TransactionInterop.GetExportCookie(System.Transactions.Transaction,System.Byte[])">
            <param name="transaction">To be added.</param>
            <param name="whereabouts">To be added.</param>
            <summary>To be added.</summary>
            <returns>To be added.</returns>
            <remarks>To be added.</remarks>
        </member>
        <member name="M:System.Transactions.TransactionInterop.GetTransactionFromDtcTransaction(System.Transactions.IDtcTransaction)">
            <param name="transactionNative">To be added.</param>
            <summary>To be added.</summary>
            <returns>To be added.</returns>
            <remarks>To be added.</remarks>
        </member>
        <member name="M:System.Transactions.TransactionInterop.GetTransactionFromExportCookie(System.Byte[])">
            <param name="cookie">To be added.</param>
            <summary>To be added.</summary>
            <returns>To be added.</returns>
            <remarks>To be added.</remarks>
        </member>
        <member name="M:System.Transactions.TransactionInterop.GetTransactionFromTransmitterPropagationToken(System.Byte[])">
            <param name="propagationToken">To be added.</param>
            <summary>To be added.</summary>
            <returns>To be added.</returns>
            <remarks>To be added.</remarks>
        </member>
        <member name="M:System.Transactions.TransactionInterop.GetTransmitterPropagationToken(System.Transactions.Transaction)">
            <param name="transaction">To be added.</param>
            <summary>To be added.</summary>
            <returns>To be added.</returns>
            <remarks>To be added.</remarks>
        </member>
        <member name="M:System.Transactions.TransactionInterop.GetWhereabouts">
            <summary>To be added.</summary>
            <returns>To be added.</returns>
            <remarks>To be added.</remarks>
        </member>
        <member name="F:System.Transactions.TransactionInterop.PromoterTypeDtc">
            <summary>To be added.</summary>
            <remarks>To be added.</remarks>
        </member>
        <member name="T:System.Transactions.TransactionManager">
            <summary>To be added.</summary>
            <remarks>To be added.</remarks>
        </member>
        <member name="P:System.Transactions.TransactionManager.DefaultTimeout">
            <summary>To be added.</summary>
            <value>To be added.</value>
            <remarks>To be added.</remarks>
        </member>
        <member name="E:System.Transactions.TransactionManager.DistributedTransactionStarted">
            <summary>To be added.</summary>
            <remarks>To be added.</remarks>
        </member>
        <member name="P:System.Transactions.TransactionManager.HostCurrentCallback">
            <summary>To be added.</summary>
            <value>To be added.</value>
            <remarks>To be added.</remarks>
        </member>
        <member name="P:System.Transactions.TransactionManager.MaximumTimeout">
            <summary>To be added.</summary>
            <value>To be added.</value>
            <remarks>To be added.</remarks>
        </member>
        <member name="M:System.Transactions.TransactionManager.RecoveryComplete(System.Guid)">
            <param name="resourceManagerIdentifier">To be added.</param>
            <summary>To be added.</summary>
            <remarks>To be added.</remarks>
        </member>
        <member name="M:System.Transactions.TransactionManager.Reenlist(System.Guid,System.Byte[],System.Transactions.IEnlistmentNotification)">
            <param name="resourceManagerIdentifier">To be added.</param>
            <param name="recoveryInformation">To be added.</param>
            <param name="enlistmentNotification">To be added.</param>
            <summary>To be added.</summary>
            <returns>To be added.</returns>
            <remarks>To be added.</remarks>
        </member>
        <member name="T:System.Transactions.TransactionManagerCommunicationException">
            <summary>To be added.</summary>
            <remarks>To be added.</remarks>
        </member>
        <member name="C:System.Transactions.TransactionManagerCommunicationException">
            <summary>To be added.</summary>
            <remarks>To be added.</remarks>
        </member>
        <member name="C:System.Transactions.TransactionManagerCommunicationException(System.String)">
            <param name="message">To be added.</param>
            <summary>To be added.</summary>
            <remarks>To be added.</remarks>
        </member>
        <member name="C:System.Transactions.TransactionManagerCommunicationException(System.Runtime.Serialization.SerializationInfo,System.Runtime.Serialization.StreamingContext)">
            <param name="info">To be added.</param>
            <param name="context">To be added.</param>
            <summary>To be added.</summary>
            <remarks>To be added.</remarks>
        </member>
        <member name="C:System.Transactions.TransactionManagerCommunicationException(System.String,System.Exception)">
            <param name="message">To be added.</param>
            <param name="innerException">To be added.</param>
            <summary>To be added.</summary>
            <remarks>To be added.</remarks>
        </member>
        <member name="T:System.Transactions.TransactionOptions">
            <summary>To be added.</summary>
            <remarks>To be added.</remarks>
        </member>
        <member name="M:System.Transactions.TransactionOptions.Equals(System.Object)">
            <param name="obj">To be added.</param>
            <summary>To be added.</summary>
            <returns>To be added.</returns>
            <remarks>To be added.</remarks>
        </member>
        <member name="M:System.Transactions.TransactionOptions.GetHashCode">
            <summary>To be added.</summary>
            <returns>To be added.</returns>
            <remarks>To be added.</remarks>
        </member>
        <member name="P:System.Transactions.TransactionOptions.IsolationLevel">
            <summary>To be added.</summary>
            <value>To be added.</value>
            <remarks>To be added.</remarks>
        </member>
        <member name="M:System.Transactions.TransactionOptions.op_Equality(System.Transactions.TransactionOptions,System.Transactions.TransactionOptions)">
            <param name="x">To be added.</param>
            <param name="y">To be added.</param>
            <summary>To be added.</summary>
            <returns>To be added.</returns>
            <remarks>To be added.</remarks>
        </member>
        <member name="M:System.Transactions.TransactionOptions.op_Inequality(System.Transactions.TransactionOptions,System.Transactions.TransactionOptions)">
            <param name="x">To be added.</param>
            <param name="y">To be added.</param>
            <summary>To be added.</summary>
            <returns>To be added.</returns>
            <remarks>To be added.</remarks>
        </member>
        <member name="P:System.Transactions.TransactionOptions.Timeout">
            <summary>To be added.</summary>
            <value>To be added.</value>
            <remarks>To be added.</remarks>
        </member>
        <member name="T:System.Transactions.TransactionPromotionException">
            <summary>To be added.</summary>
            <remarks>To be added.</remarks>
        </member>
        <member name="C:System.Transactions.TransactionPromotionException">
            <summary>To be added.</summary>
            <remarks>To be added.</remarks>
        </member>
        <member name="C:System.Transactions.TransactionPromotionException(System.String)">
            <param name="message">To be added.</param>
            <summary>To be added.</summary>
            <remarks>To be added.</remarks>
        </member>
        <member name="C:System.Transactions.TransactionPromotionException(System.Runtime.Serialization.SerializationInfo,System.Runtime.Serialization.StreamingContext)">
            <param name="info">To be added.</param>
            <param name="context">To be added.</param>
            <summary>To be added.</summary>
            <remarks>To be added.</remarks>
        </member>
        <member name="C:System.Transactions.TransactionPromotionException(System.String,System.Exception)">
            <param name="message">To be added.</param>
            <param name="innerException">To be added.</param>
            <summary>To be added.</summary>
            <remarks>To be added.</remarks>
        </member>
        <member name="T:System.Transactions.TransactionScope">
            <summary>To be added.</summary>
            <remarks>To be added.</remarks>
        </member>
        <member name="C:System.Transactions.TransactionScope">
            <summary>To be added.</summary>
            <remarks>To be added.</remarks>
        </member>
        <member name="C:System.Transactions.TransactionScope(System.Transactions.Transaction)">
            <param name="transactionToUse">To be added.</param>
            <summary>To be added.</summary>
            <remarks>To be added.</remarks>
        </member>
        <member name="C:System.Transactions.TransactionScope(System.Transactions.TransactionScopeAsyncFlowOption)">
            <param name="asyncFlowOption">To be added.</param>
            <summary>To be added.</summary>
            <remarks>To be added.</remarks>
        </member>
        <member name="C:System.Transactions.TransactionScope(System.Transactions.TransactionScopeOption)">
            <param name="scopeOption">To be added.</param>
            <summary>To be added.</summary>
            <remarks>To be added.</remarks>
        </member>
        <member name="C:System.Transactions.TransactionScope(System.Transactions.Transaction,System.TimeSpan)">
            <param name="transactionToUse">To be added.</param>
            <param name="scopeTimeout">To be added.</param>
            <summary>To be added.</summary>
            <remarks>To be added.</remarks>
        </member>
        <member name="C:System.Transactions.TransactionScope(System.Transactions.Transaction,System.Transactions.TransactionScopeAsyncFlowOption)">
            <param name="transactionToUse">To be added.</param>
            <param name="asyncFlowOption">To be added.</param>
            <summary>To be added.</summary>
            <remarks>To be added.</remarks>
        </member>
        <member name="C:System.Transactions.TransactionScope(System.Transactions.TransactionScopeOption,System.TimeSpan)">
            <param name="scopeOption">To be added.</param>
            <param name="scopeTimeout">To be added.</param>
            <summary>To be added.</summary>
            <remarks>To be added.</remarks>
        </member>
        <member name="C:System.Transactions.TransactionScope(System.Transactions.TransactionScopeOption,System.Transactions.TransactionOptions)">
            <param name="scopeOption">To be added.</param>
            <param name="transactionOptions">To be added.</param>
            <summary>To be added.</summary>
            <remarks>To be added.</remarks>
        </member>
        <member name="C:System.Transactions.TransactionScope(System.Transactions.TransactionScopeOption,System.Transactions.TransactionScopeAsyncFlowOption)">
            <param name="option">To be added.</param>
            <param name="asyncFlow">To be added.</param>
            <summary>To be added.</summary>
            <remarks>To be added.</remarks>
        </member>
        <member name="C:System.Transactions.TransactionScope(System.Transactions.Transaction,System.TimeSpan,System.Transactions.EnterpriseServicesInteropOption)">
            <param name="transactionToUse">To be added.</param>
            <param name="scopeTimeout">To be added.</param>
            <param name="interopOption">To be added.</param>
            <summary>To be added.</summary>
            <remarks>To be added.</remarks>
        </member>
        <member name="C:System.Transactions.TransactionScope(System.Transactions.Transaction,System.TimeSpan,System.Transactions.TransactionScopeAsyncFlowOption)">
            <param name="transactionToUse">To be added.</param>
            <param name="scopeTimeout">To be added.</param>
            <param name="asyncFlowOption">To be added.</param>
            <summary>To be added.</summary>
            <remarks>To be added.</remarks>
        </member>
        <member name="C:System.Transactions.TransactionScope(System.Transactions.TransactionScopeOption,System.TimeSpan,System.Transactions.TransactionScopeAsyncFlowOption)">
            <param name="scopeOption">To be added.</param>
            <param name="scopeTimeout">To be added.</param>
            <param name="asyncFlow">To be added.</param>
            <summary>To be added.</summary>
            <remarks>To be added.</remarks>
        </member>
        <member name="C:System.Transactions.TransactionScope(System.Transactions.TransactionScopeOption,System.Transactions.TransactionOptions,System.Transactions.EnterpriseServicesInteropOption)">
            <param name="scopeOption">To be added.</param>
            <param name="transactionOptions">To be added.</param>
            <param name="interopOption">To be added.</param>
            <summary>To be added.</summary>
            <remarks>To be added.</remarks>
        </member>
        <member name="C:System.Transactions.TransactionScope(System.Transactions.TransactionScopeOption,System.Transactions.TransactionOptions,System.Transactions.TransactionScopeAsyncFlowOption)">
            <param name="scopeOption">To be added.</param>
            <param name="transactionOptions">To be added.</param>
            <param name="asyncFlowOption">To be added.</param>
            <summary>To be added.</summary>
            <remarks>To be added.</remarks>
        </member>
        <member name="M:System.Transactions.TransactionScope.Complete">
            <summary>To be added.</summary>
            <remarks>To be added.</remarks>
        </member>
        <member name="M:System.Transactions.TransactionScope.Dispose">
            <summary>To be added.</summary>
            <remarks>To be added.</remarks>
        </member>
        <member name="T:System.Transactions.TransactionScopeAsyncFlowOption">
            <summary>To be added.</summary>
            <remarks>To be added.</remarks>
        </member>
        <member name="F:System.Transactions.TransactionScopeAsyncFlowOption.Enabled">
            <summary>To be added.</summary>
        </member>
        <member name="F:System.Transactions.TransactionScopeAsyncFlowOption.Suppress">
            <summary>To be added.</summary>
        </member>
        <member name="T:System.Transactions.TransactionScopeOption">
            <summary>To be added.</summary>
            <remarks>To be added.</remarks>
        </member>
        <member name="F:System.Transactions.TransactionScopeOption.Required">
            <summary>To be added.</summary>
        </member>
        <member name="F:System.Transactions.TransactionScopeOption.RequiresNew">
            <summary>To be added.</summary>
        </member>
        <member name="F:System.Transactions.TransactionScopeOption.Suppress">
            <summary>To be added.</summary>
        </member>
        <member name="T:System.Transactions.TransactionStartedEventHandler">
            <param name="sender">To be added.</param>
            <param name="e">To be added.</param>
            <summary>To be added.</summary>
            <remarks>To be added.</remarks>
        </member>
        <member name="T:System.Transactions.TransactionStatus">
            <summary>To be added.</summary>
            <remarks>To be added.</remarks>
        </member>
        <member name="F:System.Transactions.TransactionStatus.Aborted">
            <summary>To be added.</summary>
        </member>
        <member name="F:System.Transactions.TransactionStatus.Active">
            <summary>To be added.</summary>
        </member>
        <member name="F:System.Transactions.TransactionStatus.Committed">
            <summary>To be added.</summary>
        </member>
        <member name="F:System.Transactions.TransactionStatus.InDoubt">
            <summary>To be added.</summary>
        </member>
    </members>
</doc>
